,ISO Code,Country Name,2015,2014,2013,2012,2011,2010,2009,2008,2007,2006,2005,2004,2003,2002,2001,2000,1999,1998,1997,1996,1995,1994,1993,1992,1991,1990,1989,1988,1987,1986,1985,1984,1983,1982,1981,1980,1979,1978,1977,1976,1975,1974,1973,1972,1971,1970,1969,1968,1967,1966,1965,1964,1963,1962,1961,1960,1959,1958,1957,1956,1955,1954,1953,1952,1951,1950
0,AFG,Afghanistan,91.1,93.9,96.7,99.5,102.3,105.0,107.6,110.4,113.2,116.3,119.6,123.2,126.8,130.3,133.8,137.0,139.9,142.6,145.5,148.6,152.3,156.8,162.0,167.8,174.2,181.0,187.8,195.0,202.1,209.2,216.0,222.9,229.7,236.2,242.7,249.1,255.5,261.6,267.8,273.6,279.4,284.9,290.8,296.4,302.1,307.8,313.0,318.1,323.3,328.7,334.1,339.7,345.0,350.6,356.5,,,,,,,,,,,
1,ALB,Albania,14.0,14.4,14.9,15.5,16.0,16.6,17.3,17.9,18.7,19.5,20.5,21.5,22.5,23.6,24.9,26.2,27.5,28.9,30.3,31.8,33.2,34.6,36.0,37.3,38.8,40.6,42.5,44.9,47.6,50.7,54.3,58.3,62.8,67.8,73.0,78.6,84.7,91.1,,,,,,,,,,,,,,,,,,,,,,,,,,,,
2,DZA,Algeria,25.5,25.6,25.8,26.1,26.6,27.3,28.3,29.4,30.7,32.1,33.6,35.1,36.5,37.8,38.9,39.7,40.2,40.6,41.1,41.8,42.5,43.3,44.1,44.9,45.7,46.8,48.5,51.2,55.4,61.9,71.2,83.8,99.2,115.8,132.5,148.1,161.8,173.8,184.9,195.2,205.0,214.2,222.5,230.0,236.5,241.7,245.3,247.4,248.4,248.7,248.2,247.4,246.8,246.2,246.1,246.3,246.7,247.5,248.0,249.0,249.9,251.0,,,,
3,AND,Andorra,2.8,2.9,3.0,3.1,3.2,3.3,3.4,3.5,3.6,3.7,3.9,4.0,4.1,4.2,4.4,4.6,4.8,5.0,5.3,5.7,6.0,6.4,6.9,7.4,7.9,8.5,,,,,,,,,,,,,,,,,,,,,,,,,,,,,,,,,,,,,,,,
4,AGO,Angola,156.9,162.2,167.1,172.2,177.3,182.5,187.3,192.0,196.4,200.5,203.9,206.7,209.2,211.7,214.1,216.7,218.9,220.8,222.6,224.0,224.8,225.5,225.8,226.0,225.9,226.0,226.2,226.5,226.9,227.5,228.3,229.1,230.2,231.5,232.8,234.1,,,,,,,,,,,,,,,,,,,,,,,,,,,,,,
5,ATG,Antigua and Barbuda,8.1,8.4,8.7,9.1,9.5,9.9,10.4,10.9,11.3,11.8,12.4,12.9,13.5,14.1,14.8,15.5,16.2,17.0,17.9,18.8,19.7,20.8,21.9,23.1,24.2,25.5,,,,,,,,,,,,,,,,,,,,,,,,,,,,,,,,,,,,,,,,
6,ARG,Argentina,12.5,12.9,13.3,13.8,14.2,14.6,15.0,15.4,15.8,16.4,17.1,17.9,18.6,19.2,19.7,20.2,20.8,21.4,22.0,22.7,23.4,24.1,24.8,25.7,26.6,27.6,28.6,29.7,30.8,31.9,33.1,34.4,35.8,37.6,40.0,43.1,47.0,51.4,55.9,60.2,63.8,66.6,68.8,70.4,71.5,72.4,73.2,,,,,,,,,,,,,,,,,,,
7,ARM,Armenia,14.1,14.7,15.5,16.3,17.2,18.0,19.0,20.0,21.1,22.2,23.4,24.6,25.9,27.3,28.7,30.1,31.7,33.3,35.0,36.8,38.7,40.8,42.9,45.2,47.5,49.8,52.1,81.7,56.7,59.1,61.5,64.0,66.6,69.2,72.0,74.9,78.0,81.2,84.6,88.1,,,,,,,,,,,,,,,,,,,,,,,,,,
8,AUS,Australia,3.8,3.9,4.1,4.3,4.5,4.8,5.0,5.2,5.4,5.6,5.7,5.9,6.0,6.0,6.1,6.2,6.4,6.5,6.6,6.8,7.0,7.3,7.7,8.1,8.6,9.2,9.7,10.2,10.6,11.0,11.3,11.6,11.9,12.2,12.6,13.0,13.6,14.4,15.3,16.2,17.3,18.4,19.3,20.2,20.9,21.4,21.7,21.9,22.0,22.1,22.4,22.7,23.2,23.7,24.3,24.9,25.4,26.0,26.6,27.3,28.0,28.7,29.5,30.3,31.0,31.6
9,AUT,Austria,3.5,3.7,3.9,4.0,4.2,4.4,4.5,4.6,4.7,4.8,4.9,5.0,5.2,5.3,5.4,5.5,5.6,5.8,6.1,6.4,6.8,7.4,8.0,8.5,9.0,9.5,10.0,10.5,11.1,11.9,12.6,13.3,14.0,14.7,15.5,16.3,17.1,18.1,19.4,21.1,23.1,25.1,26.8,28.0,28.7,29.1,29.4,29.8,30.5,31.5,32.8,34.2,35.9,37.9,40.3,42.8,45.4,47.8,49.9,51.7,53.4,55.0,,,,
10,AZE,Azerbaijan,31.7,32.9,34.2,35.7,37.3,39.0,41.0,43.3,45.8,48.6,51.7,55.2,59.3,63.8,68.8,74.0,79.3,84.2,88.6,92.1,94.3,95.5,95.7,95.4,95.0,94.7,94.9,95.8,97.2,99.0,101.1,103.3,105.7,108.2,,,,,,,,,,,,,,,,,,,,,,,,,,,,,,,,
11,BHS,Bahamas,12.1,12.4,12.8,13.2,13.5,13.9,14.2,14.5,14.8,15.1,15.3,15.4,15.4,15.5,15.5,15.7,15.9,16.4,17.0,17.8,18.7,19.6,20.6,21.6,22.5,23.5,24.6,25.6,26.5,27.3,27.9,28.2,28.6,28.9,29.4,29.9,30.5,31.0,31.5,31.9,32.2,32.2,32.1,31.7,31.2,30.6,30.0,29.4,,,,,,,,,,,,,,,,,,
12,BHR,Bahrain,6.2,6.5,6.9,7.3,7.8,8.3,8.8,9.4,10.0,10.5,10.9,11.2,11.5,11.8,12.1,12.6,13.2,14.1,15.2,16.6,18.1,19.6,21.0,22.0,22.7,23.0,23.2,23.3,23.6,24.2,24.9,25.9,27.2,28.6,30.3,32.3,34.6,37.2,40.2,43.6,47.4,51.8,56.9,62.7,69.3,76.8,85.0,94.1,104.0,114.7,126.3,138.9,152.6,167.2,183.1,200.0,218.3,237.8,258.6,281.4,,,,,,
13,BGD,Bangladesh,37.6,39.5,41.6,44.0,46.7,49.6,52.6,55.9,59.4,63.0,66.8,70.7,74.8,79.0,83.5,88.0,92.8,97.9,103.2,108.6,114.2,119.9,125.8,131.7,137.7,143.7,149.7,155.8,161.8,167.7,173.5,179.1,184.4,189.4,194.2,198.9,203.3,207.4,211.2,214.5,217.1,219.1,220.7,222.0,223.0,224.1,225.4,227.1,229.4,232.3,236.0,240.4,245.6,251.3,257.5,264.3,271.5,279.1,287.1,295.4,304.1,313.1,322.9,,,
14,BRB,Barbados,13.0,13.3,13.7,14.1,14.4,14.7,15.1,15.4,15.8,16.2,16.5,16.7,16.8,16.8,16.6,16.3,16.0,15.7,15.5,15.4,15.5,15.7,16.1,16.6,17.2,17.9,18.7,19.5,20.4,21.2,22.0,22.8,23.6,24.6,25.8,27.2,28.9,30.6,32.6,34.6,36.7,38.9,41.1,43.4,45.8,48.1,50.5,53.0,55.5,58.2,61.3,64.7,68.7,73.2,78.0,83.6,90.6,99.5,111.2,126.4,145.5,168.8,,,,
15,BLR,Belarus,4.6,4.7,5.0,5.3,5.6,6.1,6.6,7.2,7.9,8.7,9.4,10.2,10.9,11.9,13.0,14.3,15.8,17.0,17.8,18.0,17.9,17.5,17.1,16.8,16.6,16.6,17.0,17.5,18.1,18.7,19.4,19.9,20.6,21.3,22.3,23.3,,,,,,,,,,,,,,,,,,,,,,,,,,,,,,
16,BEL,Belgium,4.1,4.2,4.3,4.3,4.4,4.5,4.6,4.7,4.8,4.9,5.0,5.1,5.2,5.4,5.6,5.8,6.0,6.3,6.7,7.1,7.6,8.2,8.7,9.2,9.6,10.0,10.3,10.7,11.0,11.4,11.8,12.2,12.7,13.3,13.9,14.5,15.2,15.9,16.7,17.6,18.6,19.6,20.8,21.9,23.0,23.9,24.8,25.5,26.2,27.0,27.9,28.9,30.0,31.1,32.4,33.9,35.6,37.7,40.1,42.7,45.5,48.3,51.2,,,
17,BLZ,Belize,16.5,17.0,17.5,18.0,18.5,19.0,19.5,20.1,20.6,21.2,21.7,22.2,22.8,23.5,24.2,25.0,25.8,26.7,27.8,28.8,30.1,31.5,33.1,35.0,37.2,39.6,42.2,44.9,47.7,50.6,53.5,56.2,58.9,61.4,63.9,66.4,68.9,71.4,74.2,77.0,79.9,83.0,86.3,89.7,93.5,97.3,101.3,105.5,109.9,,,,,,,,,,,,,,,,,
18,BEN,Benin,99.5,102.1,104.8,107.0,109.3,111.6,113.9,116.3,119.0,122.1,125.5,129.2,133.1,137.1,141.1,144.7,147.9,150.9,153.6,156.2,159.1,162.4,166.2,170.4,175.0,179.5,183.9,188.1,192.2,196.1,199.7,203.3,206.8,210.2,213.7,217.4,221.5,226.1,231.3,237.0,242.7,248.3,253.4,257.8,261.8,265.5,269.0,272.8,276.9,281.4,286.9,292.5,298.2,303.9,309.2,314.0,318.4,322.5,326.2,329.5,332.7,335.9,339.0,342.1,345.1,348.2
19,BTN,Bhutan,32.9,34.4,36.0,37.8,39.9,42.3,45.1,48.1,51.3,54.8,58.5,62.3,66.4,70.6,75.0,79.6,84.4,89.4,94.5,99.8,105.3,110.8,116.4,122.0,127.8,133.7,139.8,145.9,152.2,158.8,165.2,172.1,178.9,185.9,193.0,199.8,206.9,214.1,221.3,228.4,235.5,242.4,249.5,256.7,264.2,271.5,278.6,,,,,,,,,,,,,,,,,,,
20,BOL,Bolivia (Plurinational State of),38.4,39.8,41.3,43.1,44.9,47.0,49.3,52.0,54.9,58.1,61.4,64.8,68.5,72.2,76.2,80.2,84.4,88.7,93.1,97.5,101.8,106.2,110.7,115.2,119.7,124.4,129.2,134.0,138.9,143.8,148.5,153.2,157.8,162.3,166.8,171.6,176.6,182.1,187.9,193.9,200.1,206.4,212.8,219.1,225.3,231.3,237.1,243.0,248.8,254.5,260.1,265.4,270.8,276.1,281.4,287.1,,,,,,,,,,
21,BIH,Bosnia and Herzegovina,5.4,5.7,6.1,6.5,6.9,7.4,7.8,8.1,8.3,8.3,8.3,8.2,8.2,8.3,8.6,9.2,9.9,10.7,11.6,12.5,15.2,15.6,18.4,18.4,17.0,18.3,19.7,21.2,23.0,24.9,27.0,29.4,,,,,,,,,,,,,,,,,,,,,,,,,,,,,,,,,,
22,BWA,Botswana,43.6,44.8,46.6,49.5,51.8,53.5,57.3,61.7,62.6,63.4,69.0,75.8,78.1,79.8,81.6,82.9,82.0,79.0,76.5,73.5,69.9,66.1,62.4,59.1,56.4,54.2,53.1,53.0,53.7,55.1,57.1,59.5,62.3,65.6,69.1,72.9,77.1,81.6,86.2,91.1,96.1,101.2,106.2,111.2,116.2,121.0,125.7,130.3,134.9,139.5,144.0,148.8,153.7,158.9,164.1,169.6,175.3,181.3,187.2,193.4,200.1,207.2,,,,
23,BRA,Brazil,16.4,16.2,16.0,16.0,16.2,16.6,17.2,18.1,19.2,20.4,21.9,23.6,25.4,27.4,29.6,32.0,34.5,37.2,40.2,43.2,46.3,49.4,52.5,55.4,58.2,60.8,63.4,66.0,68.8,71.9,75.1,78.6,82.4,86.5,90.8,95.3,99.7,104.0,107.9,111.7,115.3,118.9,122.5,126.1,129.8,133.5,137.0,140.5,143.9,147.2,150.7,154.5,158.4,162.7,167.2,171.9,176.9,182.2,187.3,192.5,197.8,,,,,
24,BRN,Brunei Darussalam,10.2,10.1,9.9,9.7,9.5,9.3,9.1,9.0,9.0,9.0,9.0,9.1,9.1,9.2,9.3,9.4,9.6,9.7,10.0,10.3,10.6,10.9,11.2,11.6,11.9,12.2,12.6,13.0,13.5,14.1,14.7,15.4,16.1,16.8,,,,,,,,,,,,,,,,,,,,,,,,,,,,,,,,
25,BGR,Bulgaria,10.4,10.9,11.5,12.0,12.6,13.0,13.3,13.7,14.2,15.0,15.9,17.0,18.1,19.2,20.1,21.0,22.0,22.8,23.1,23.1,23.1,23.1,23.1,22.9,22.6,22.1,21.5,21.3,21.7,22.5,23.6,24.7,25.7,26.6,27.6,28.7,30.0,31.3,32.5,33.5,34.3,34.9,35.6,36.3,37.3,38.8,40.8,42.7,43.9,44.4,44.9,45.7,46.7,,,,,,,,,,,,,
26,BFA,Burkina Faso,88.6,92.4,96.6,101.4,106.9,113.5,121.4,130.4,139.9,149.4,158.3,166.3,173.1,178.3,182.4,185.7,188.5,191.3,194.0,197.0,199.4,201.1,202.0,202.1,201.8,202.2,203.4,205.8,209.6,214.4,219.2,223.7,227.8,231.8,236.1,241.2,247.8,255.8,265.7,277.0,288.5,299.2,307.9,313.9,317.3,319.1,320.1,321.4,322.9,325.2,328.0,331.0,334.5,338.7,343.1,347.6,352.3,358.0,363.1,367.5,372.3,376.5,380.4,384.1,387.0,389.7
27,BDI,Burundi,81.7,84.6,87.8,91.2,94.9,98.8,103.5,108.6,114.5,120.9,127.1,133.0,138.3,143.2,147.8,152.2,156.4,160.5,164.4,167.7,170.5,172.5,173.5,173.5,172.9,171.8,170.7,170.1,170.6,172.9,177.5,184.2,192.6,202.3,212.3,221.8,230.2,236.9,242.0,245.0,246.5,246.9,247.1,247.3,247.5,247.6,247.3,246.7,245.8,244.5,243.0,241.6,,,,,,,,,,,,,,
28,CPV,Cabo Verde,24.5,25.2,25.9,26.6,27.3,27.8,28.1,28.2,28.1,27.9,27.7,27.8,28.5,29.9,32.2,35.5,39.6,44.3,49.0,53.0,56.1,58.1,59.2,60.0,61.0,62.7,65.1,68.3,71.8,75.2,78.1,80.2,81.6,82.6,83.7,85.3,87.7,91.3,96.1,102.2,109.4,118.0,127.8,138.8,151.1,164.5,179.2,,,,,,,,,,,,,,,,,,,
29,KHM,Cambodia,28.7,30.6,32.9,35.8,39.3,43.1,47.3,51.5,55.8,60.4,65.4,71.3,78.8,88.3,98.7,108.3,115.7,120.4,122.5,122.6,121.5,120.0,118.6,117.8,117.4,117.3,117.4,117.6,118.4,119.6,121.2,124.1,130.4,142.0,159.1,181.4,207.8,235.9,261.9,285.6,310.0,,,,,,,,,,,,,,,,,,,,,,,,,
30,CMR,Cameroon,87.9,90.6,93.9,97.4,101.0,104.8,109.0,112.8,116.6,120.7,125.1,129.6,134.7,140.2,145.7,150.4,153.8,155.3,155.3,154.0,151.8,149.0,146.0,142.8,140.0,138.0,137.2,138.1,140.7,144.7,150.2,156.6,163.4,170.1,176.3,181.6,185.8,188.7,190.4,190.9,191.1,192.0,194.3,198.4,204.7,213.0,222.5,232.3,242.0,250.4,257.3,262.8,267.2,271.1,275.7,281.6,289.3,299.0,310.3,322.1,334.9,,,,,
31,CAN,Canada,4.9,5.0,5.2,5.3,5.4,5.6,5.7,5.8,5.9,6.0,6.1,6.1,6.1,6.2,6.2,6.2,6.3,6.4,6.5,6.7,6.9,7.2,7.4,7.7,8.0,8.3,8.6,8.8,9.1,9.4,9.7,10.1,10.6,11.2,11.8,12.5,13.3,14.2,15.1,16.0,17.0,18.0,19.0,19.9,21.0,22.0,23.0,23.9,25.0,26.0,27.1,28.2,29.4,30.5,31.6,32.6,33.7,34.7,35.8,37.0,38.3,39.9,41.8,43.9,46.2,48.7
32,CAF,Central African Republic,130.1,134.0,138.5,142.1,146.2,150.2,154.2,158.2,161.3,163.9,166.2,168.4,170.3,171.9,173.5,174.8,175.7,176.5,176.9,177.0,176.7,176.4,176.1,176.0,176.2,176.5,176.8,177.0,177.2,177.4,177.8,178.2,178.9,180.0,181.5,183.5,186.1,189.0,192.3,195.7,199.3,203.3,207.5,212.1,217.1,222.5,228.2,234.2,240.7,247.1,253.9,260.4,266.5,272.6,278.1,283.7,,,,,,,,,,
33,TCD,Chad,138.7,142.9,147.1,151.6,156.0,160.1,164.0,168.0,171.5,174.6,177.0,179.4,181.9,184.6,187.3,190.2,193.0,195.8,198.3,200.6,202.7,204.8,207.0,209.4,212.0,214.6,217.3,220.1,222.8,225.5,228.2,230.9,233.5,236.0,238.1,240.1,242.0,243.7,245.3,246.7,248.1,249.5,251.0,252.3,,,,,,,,,,,,,,,,,,,,,,
34,CHL,Chile,8.1,8.3,8.4,8.6,8.7,8.8,8.8,8.9,8.9,9.0,9.1,9.3,9.5,9.8,10.3,10.9,11.5,12.0,12.2,12.5,13.1,14.0,15.1,16.4,17.7,19.1,20.4,21.4,21.9,22.1,22.4,23.1,24.6,27.0,30.1,33.2,36.8,41.7,48.8,57.1,64.7,70.6,74.6,77.0,78.4,79.6,81.7,86.2,94.1,104.5,115.9,126.8,135.8,142.3,148.5,157.3,169.1,,,,,,,,,
35,CHN,China,10.7,11.4,12.3,13.4,14.5,15.7,17.0,18.5,20.1,21.9,24.0,26.3,28.9,31.6,34.3,36.9,39.3,41.5,43.6,45.6,47.5,49.3,51.0,52.4,53.3,53.8,54.0,53.9,53.7,53.7,54.0,54.6,55.7,57.4,59.6,62.4,65.9,70.0,74.6,79.8,85.2,90.9,96.5,102.1,107.7,113.3,119.1,,,,,,,,,,,,,,,,,,,
36,COL,Colombia,15.9,16.4,16.9,17.4,18.0,18.5,19.1,19.7,20.3,20.9,21.5,22.2,22.9,23.6,24.3,25.1,26.0,26.9,27.9,28.9,30.0,31.0,32.1,33.1,34.1,35.1,36.2,37.4,38.7,40.3,42.3,44.6,47.3,50.3,53.7,57.4,61.3,65.5,69.9,74.3,78.7,82.8,86.7,90.4,94.0,97.6,101.1,104.6,108.0,111.1,114.0,116.7,119.4,122.0,124.6,127.3,130.0,,,,,,,,,
37,COM,Comoros,73.5,75.9,78.3,80.9,83.3,86.0,88.5,91.2,93.5,95.7,97.8,99.4,100.4,100.8,100.8,101.1,101.8,102.7,104.0,105.6,107.8,110.5,113.6,117.2,121.2,125.1,129.1,133.2,137.6,142.2,147.2,152.4,157.9,163.6,169.4,175.3,181.1,186.8,192.3,197.7,202.7,207.7,212.4,217.1,221.8,227.1,,,,,,,,,,,,,,,,,,,,
38,COG,Congo,45.0,47.1,49.6,52.6,56.1,60.6,66.1,72.6,79.9,87.4,95.3,102.9,109.8,115.6,119.7,121.6,121.4,119.3,116.0,111.9,107.7,103.8,100.2,97.4,95.2,93.6,92.8,92.8,93.7,95.3,97.5,100.2,103.2,106.2,109.1,111.9,114.7,117.7,120.5,123.3,126.3,129.3,132.2,135.7,139.5,143.1,147.0,150.9,155.0,159.4,163.9,168.3,172.3,176.0,180.2,184.4,188.3,191.8,,,,,,,,
39,COK,Cook Islands,8.1,8.4,8.7,9.1,9.4,9.9,10.3,10.9,11.6,12.2,13.0,13.7,14.4,15.2,16.0,16.8,17.7,18.7,19.8,20.9,21.8,22.6,23.2,23.6,24.0,24.4,24.8,25.3,25.8,26.5,27.3,28.2,29.1,30.1,31.1,32.1,33.2,34.3,35.5,36.8,38.3,40.1,42.3,44.9,48.1,51.7,55.8,60.4,65.4,71.0,76.9,83.1,89.8,96.9,104.5,112.2,120.3,128.5,137.1,145.8,154.5,163.7,173.0,182.8,193.1,
40,CRI,Costa Rica,9.7,9.9,10.0,10.1,10.1,10.2,10.2,10.3,10.3,10.3,10.4,10.7,11.0,11.6,12.2,13.0,13.8,14.4,14.8,15.0,15.2,15.5,15.8,16.1,16.5,16.9,17.5,18.3,19.3,20.5,21.6,22.4,22.8,22.9,23.1,23.8,25.6,28.9,34.0,40.3,46.3,51.8,57.8,64.9,71.8,76.4,78.8,80.4,82.3,85.0,88.8,,,,,,,,,,,,,,,
41,CIV,Cote d'Ivoire,92.6,95.5,99.0,102.5,105.9,109.1,112.7,116.5,121.1,125.1,128.8,132.7,136.3,139.7,142.8,145.6,147.9,149.8,151.3,152.2,152.7,152.9,152.8,152.7,152.7,152.6,152.5,152.5,152.8,153.3,154.2,155.5,157.3,159.7,162.8,166.6,171.4,177.4,184.5,192.5,201.1,210.0,218.6,226.8,234.4,241.4,248.1,254.8,261.2,267.9,274.6,281.4,288.6,295.7,303.4,311.2,319.2,327.3,335.5,,,,,,,
42,HRV,Croatia,4.3,4.5,4.7,4.9,5.1,5.4,5.6,5.9,6.2,6.5,6.8,7.1,7.4,7.7,8.0,8.3,8.6,8.9,9.3,9.6,10.0,10.4,10.9,11.4,12.1,12.9,13.8,14.8,15.8,17.0,18.0,19.1,20.0,21.0,21.9,,,,,,,,,,,,,,,,,,,,,,,,,,,,,,,
43,CUB,Cuba,5.5,5.6,5.7,5.8,6.0,6.1,6.2,6.3,6.4,6.6,6.8,7.1,7.4,7.7,8.0,8.4,8.8,9.4,10.0,10.5,10.8,11.0,11.1,11.6,12.4,13.3,14.2,15.2,16.3,17.5,18.5,19.1,19.5,19.7,19.8,20.2,20.9,22.3,24.5,27.2,29.4,30.7,32.2,35.4,39.9,43.6,45.0,44.9,44.6,44.6,45.0,45.9,47.0,,,,,,,,,,,,,
44,CYP,Cyprus,2.7,2.9,3.0,3.2,3.4,3.6,3.8,4.1,4.3,4.6,4.8,5.1,5.4,5.8,6.1,6.6,7.0,7.5,8.0,8.5,9.0,9.6,10.1,10.5,10.8,11.1,11.3,11.5,11.9,12.5,13.5,14.7,16.1,17.6,19.2,20.8,22.5,,,,,,,,,,,,,,,,,,,,,,,,,,,,,
45,CZE,Czech Republic,3.4,3.5,3.7,3.8,3.9,4.1,4.3,4.5,4.7,5.0,5.2,5.5,5.7,6.0,6.2,6.6,7.1,7.6,8.4,9.2,10.2,11.2,12.3,13.2,13.9,14.6,15.1,15.6,16.1,16.6,17.0,17.3,17.6,18.0,18.4,,,,,,,,,,,,,,,,,,,,,,,,,,,,,,,
46,PRK,Democratic People's Republic of Korea,24.9,26.1,27.4,28.7,30.1,31.3,32.1,32.4,32.4,32.2,32.7,34.7,38.7,44.6,52.0,60.0,67.4,72.9,75.7,75.7,72.8,67.7,61.3,54.8,48.6,43.4,39.5,36.8,35.2,34.7,35.1,,,,,,,,,,,,,,,,,,,,,,,,,,,,,,,,,,,
47,COD,Democratic Republic of the Congo,98.3,101.7,104.8,108.5,112.2,116.1,120.1,124.5,128.9,133.5,138.4,143.2,147.8,152.4,156.8,161.0,164.9,168.4,171.5,174.1,176.4,178.3,180.3,182.3,184.3,186.5,188.5,190.8,193.0,195.3,197.7,200.1,202.8,205.7,208.8,212.0,215.4,219.0,222.7,226.4,230.3,234.2,237.7,241.4,244.8,248.1,251.7,,,,,,,,,,,,,,,,,,,
48,DNK,Denmark,3.5,3.6,3.7,3.8,3.9,4.0,4.2,4.3,4.5,4.7,4.9,5.1,5.3,5.4,5.5,5.6,5.7,5.8,6.0,6.2,6.5,6.9,7.4,7.9,8.4,8.9,9.3,9.6,9.7,9.7,9.7,9.6,9.6,9.6,9.7,10.0,10.3,10.6,11.1,11.6,12.3,13.1,13.9,14.9,15.8,16.6,17.4,18.1,19.1,20.1,21.1,22.1,23.0,23.8,24.5,25.0,25.5,26.2,27.1,28.1,29.3,30.5,31.6,32.6,33.4,34.1
49,DJI,Djibouti,65.3,67.4,69.5,71.7,73.9,76.1,78.5,81.0,83.5,86.0,88.5,91.0,93.5,96.0,98.4,100.8,102.9,104.9,106.8,108.5,110.2,111.5,113.2,115.0,117.0,119.4,122.0,125.1,128.3,131.7,135.3,139.3,143.3,147.4,151.7,155.8,160.1,164.7,169.4,174.3,,,,,,,,,,,,,,,,,,,,,,,,,,
50,DMA,Dominica,21.2,21.2,21.0,20.4,19.6,18.8,17.9,17.1,16.5,16.0,15.6,15.3,15.1,15.1,15.2,15.3,15.5,15.8,16.0,16.3,16.5,16.7,16.9,17.0,17.1,17.1,17.1,17.0,17.0,17.0,17.0,17.2,17.4,17.9,18.6,19.8,21.4,23.6,26.5,30.1,34.5,39.7,45.5,51.7,57.9,63.9,69.5,74.7,79.9,85.5,91.8,98.9,107.2,116.5,127.2,139.0,,,,,,,,,,
51,DOM,Dominican Republic,30.9,31.5,32.2,32.7,33.3,33.8,34.3,34.9,35.5,36.1,36.8,37.5,38.3,39.1,40.1,41.3,42.5,43.9,45.5,47.3,49.2,51.2,53.4,55.6,57.9,60.2,62.6,65.0,67.5,70.1,72.7,75.5,78.3,81.3,84.3,87.5,90.7,94.0,97.4,100.9,104.5,108.2,111.7,115.2,118.5,121.6,124.5,127.3,130.1,132.9,135.8,138.6,141.3,143.7,145.9,147.8,149.3,150.5,151.6,152.5,153.3,153.9,154.5,155.0,155.5,156.0
52,ECU,Ecuador,21.6,22.3,23.0,23.7,24.5,25.2,26.0,26.8,27.5,28.3,29.1,30.0,30.9,31.9,33.1,34.4,35.9,37.7,39.6,41.6,43.9,46.3,48.8,51.5,54.1,56.9,59.7,62.6,65.7,69.1,72.7,76.6,80.7,85.0,89.5,93.9,98.3,102.6,107.2,111.8,116.6,121.3,126.0,130.3,134.3,138.0,141.4,144.9,148.2,151.8,155.6,159.9,164.3,169.2,174.1,179.2,184.5,190.1,195.8,201.7,207.8,,,,,
53,EGY,Egypt,24.0,24.8,25.8,26.8,27.9,29.0,30.2,31.4,32.7,34.1,35.6,37.3,39.2,41.4,43.8,46.5,49.5,52.8,56.5,60.4,64.6,68.9,73.3,77.5,81.7,85.9,90.6,96.0,102.5,110.1,118.8,128.5,138.5,148.4,158.1,167.6,177.0,186.6,196.2,205.7,214.7,222.9,229.7,235.2,239.4,242.9,246.4,250.2,254.8,260.3,266.9,274.8,283.5,293.1,302.9,312.8,322.2,331.7,341.3,350.8,360.5,,,,,
54,SLV,El Salvador,16.8,17.4,18.0,18.6,19.3,20.0,20.8,21.6,22.6,23.6,24.8,26.1,27.5,29.0,30.6,32.4,34.4,36.6,39.1,41.7,44.5,47.4,50.3,53.2,56.3,59.4,62.8,66.5,70.6,75.2,80.4,86.0,92.0,98.2,104.5,110.7,116.7,122.4,127.8,132.7,137.4,141.7,145.5,148.9,152.1,155.1,158.0,160.7,163.5,166.4,169.5,172.7,176.0,179.6,183.3,186.9,191.0,195.1,199.5,204.0,208.3,,,,,
55,GNQ,Equatorial Guinea,94.1,97.4,100.3,103.7,107.3,110.9,114.6,118.4,122.7,126.9,131.2,135.4,139.6,143.8,147.9,152.1,156.1,160.1,163.9,167.6,171.2,174.6,178.3,182.0,185.8,189.5,193.6,197.5,201.4,205.1,209.1,213.1,217.5,,,,,,,,,,,,,,,,,,,,,,,,,,,,,,,,,
56,ERI,Eritrea,46.5,48.1,49.7,51.6,53.5,55.6,57.9,60.4,63.2,66.3,69.5,72.9,76.5,80.4,84.6,89.1,94.0,99.2,104.8,110.8,117.3,124.1,131.2,138.2,145.0,151.4,157.3,162.7,167.5,171.8,175.7,179.1,182.3,185.3,188.2,191.0,193.9,197.1,200.8,204.7,208.8,213.1,,,,,,,,,,,,,,,,,,,,,,,,
57,EST,Estonia,2.9,3.2,3.5,3.8,4.2,4.6,5.1,5.5,6.1,6.7,7.3,7.9,8.6,9.4,10.2,11.0,11.9,12.8,13.8,14.8,15.8,16.8,17.8,18.6,19.5,20.2,20.9,21.5,22.0,22.6,23.1,23.8,24.5,25.3,26.2,27.1,,,,,,,,,,,,,,,,,,,,,,,,,,,,,,
58,ETH,Ethiopia,59.2,61.8,64.6,67.7,71.3,75.7,80.8,86.9,93.8,101.3,109.1,117.0,124.8,132.2,139.0,145.1,150.8,156.2,162.0,168.3,175.0,182.0,188.9,195.0,200.2,204.6,208.4,212.0,215.5,219.3,223.4,227.6,232.0,236.0,239.3,241.6,242.8,243.0,242.7,242.1,241.5,241.0,241.0,241.1,241.2,241.1,241.2,241.0,241.5,242.0,,,,,,,,,,,,,,,,
59,FJI,Fiji,22.4,22.9,23.2,23.5,23.7,23.9,24.0,24.0,23.9,23.8,23.7,23.7,23.7,23.9,24.2,24.5,24.8,25.1,25.4,25.8,26.2,26.6,27.2,28.0,28.8,29.8,30.8,31.8,33.0,34.1,35.4,36.8,38.3,40.0,42.0,44.0,46.1,48.2,50.0,51.6,52.8,53.6,54.2,54.6,54.9,55.3,55.8,56.4,57.3,58.5,60.0,61.7,63.8,66.0,68.7,71.8,75.2,79.2,83.7,89.0,94.8,101.3,108.7,116.9,125.9,135.7
60,FIN,Finland,2.3,2.4,2.6,2.7,2.9,3.0,3.2,3.3,3.5,3.6,3.8,3.9,4.0,4.1,4.2,4.3,4.4,4.6,4.7,4.9,5.2,5.5,5.8,6.1,6.4,6.7,6.9,7.1,7.2,7.3,7.3,7.4,7.6,7.9,8.2,8.7,9.2,9.9,10.6,11.4,12.2,13.1,13.8,14.6,15.4,16.1,16.9,17.6,18.4,19.3,20.2,21.3,22.5,23.8,25.2,26.8,28.6,30.4,32.3,34.0,35.7,37.3,38.9,40.5,42.0,
61,FRA,France,4.3,4.4,4.4,4.3,4.3,4.3,4.3,4.3,4.4,4.5,4.6,4.7,4.9,5.1,5.3,5.4,5.5,5.6,5.8,6.1,6.5,7.0,7.6,8.1,8.6,9.0,9.3,9.6,9.8,10.0,10.3,10.7,11.1,11.5,11.9,12.4,12.8,13.3,13.9,14.5,15.0,15.4,15.9,16.6,17.4,18.2,19.1,19.9,20.6,21.4,22.3,23.4,24.5,25.7,27.0,28.5,30.3,32.4,34.8,37.4,40.2,43.1,46.3,49.7,53.4,57.1
62,GAB,Gabon,50.8,52.3,54.8,57.7,60.6,63.3,66.1,68.9,71.9,74.5,76.7,78.8,80.8,82.5,84.0,85.3,86.3,87.2,87.9,88.5,89.1,89.8,90.6,91.3,92.0,92.9,93.9,95.1,96.5,98.2,100.4,103.0,106.0,109.3,113.2,117.3,121.6,125.9,,,,,,,,,,,,,,,,,,,,,,,,,,,,
63,GMB,Gambia,68.9,71.1,73.6,76.1,78.6,81.4,84.3,87.4,90.6,94.2,97.9,101.9,106.0,110.2,114.5,118.8,123.2,127.9,132.5,137.4,142.4,147.5,152.9,158.5,164.2,170.2,176.6,183.1,189.9,196.8,204.0,211.2,218.3,225.3,231.9,238.5,244.9,251.2,257.5,263.9,270.4,276.9,283.5,290.0,296.4,302.6,308.8,314.6,320.5,326.5,332.4,338.3,344.1,350.3,356.3,362.4,368.6,375.5,382.1,388.9,,,,,,
64,GEO,Georgia,11.9,12.6,13.4,14.4,15.5,16.6,17.9,19.3,20.9,22.7,24.6,26.7,28.9,31.1,33.4,35.7,37.8,39.8,41.5,43.0,44.3,45.2,46.0,46.6,47.2,47.7,48.1,48.6,49.1,49.8,50.7,51.8,53.2,54.7,56.5,58.3,60.2,62.3,64.3,66.3,68.6,,,,,,,,,,,,,,,,,,,,,,,,,
65,DEU,Germany,3.7,3.8,3.9,4.0,4.1,4.2,4.3,4.4,4.5,4.6,4.7,4.9,5.0,5.1,5.2,5.4,5.5,5.7,5.9,6.2,6.5,6.8,7.2,7.6,8.0,8.5,9.0,9.5,10.1,10.6,11.1,11.8,12.5,13.2,14.1,15.0,16.0,17.1,18.3,19.5,20.8,22.0,23.1,24.0,24.9,25.7,26.4,27.2,,,,,,,,,,,,,,,,,,
66,GHA,Ghana,61.6,64.0,66.5,69.2,71.9,74.7,77.4,79.9,82.2,84.4,86.5,88.7,91.3,94.2,97.3,100.7,104.0,106.9,109.5,111.6,113.4,115.1,117.1,119.7,123.1,127.4,132.6,138.2,144.1,149.7,154.6,158.5,161.3,163.1,164.6,166.2,168.4,171.6,175.8,180.7,185.9,191.0,195.3,198.5,200.7,201.9,202.5,202.8,202.7,202.9,203.1,203.8,205.0,206.7,208.6,210.9,213.9,217.3,220.9,225.0,229.5,234.4,239.5,244.9,250.8,256.7
67,GRC,Greece,4.6,4.6,4.7,4.7,4.7,4.7,4.8,4.8,5.0,5.2,5.5,5.9,6.3,6.8,7.3,7.8,8.3,8.8,9.3,9.7,10.1,10.5,10.9,11.4,11.9,12.6,13.3,14.3,15.3,16.4,17.4,18.5,19.5,20.6,21.9,23.5,25.1,26.9,28.5,30.1,31.4,32.4,33.1,34.1,35.6,37.6,40.0,42.4,44.6,46.3,47.8,49.3,51.0,52.8,54.4,55.8,57.1,58.3,59.2,59.6,59.8,,,,,
68,GRD,Grenada,11.8,12.2,12.5,12.7,13.0,13.2,13.4,13.5,13.7,14.0,14.2,14.5,14.9,15.2,15.6,16.0,16.4,16.8,17.3,17.9,18.5,19.3,20.2,21.2,22.3,23.3,24.3,25.2,25.9,26.5,27.0,27.5,,,,,,,,,,,,,,,,,,,,,,,,,,,,,,,,,,
69,GTM,Guatemala,29.1,30.1,31.1,32.1,33.3,34.5,35.7,36.9,38.4,39.9,41.4,43.1,44.8,46.6,48.6,50.6,52.8,55.1,57.7,60.4,63.3,66.4,69.7,73.3,77.0,80.9,84.9,89.0,93.3,97.6,102.0,106.5,110.9,115.5,120.1,124.8,129.6,134.4,139.2,144.1,149.0,154.0,159.0,164.0,169.0,174.1,179.0,183.8,188.3,192.8,197.1,201.5,205.7,209.9,214.1,218.5,223.0,227.6,232.3,,,,,,,
70,GIN,Guinea,93.7,97.0,100.4,104.0,107.7,111.9,116.3,121.0,125.9,131.2,136.7,142.7,149.0,155.8,162.9,170.2,177.5,184.8,192.0,199.0,205.9,212.9,219.7,226.2,232.4,238.2,243.7,248.8,253.6,258.4,263.1,267.8,272.6,277.4,282.2,286.9,291.9,296.7,301.4,305.9,310.1,313.9,317.5,320.8,324.1,327.2,330.2,333.3,336.2,339.0,341.9,344.3,346.8,349.0,351.3,,,,,,,,,,,
71,GNB,Guinea-Bissau,92.5,96.2,100.5,105.2,110.4,115.9,121.6,127.6,133.6,139.9,146.2,152.6,159.0,165.3,171.5,177.5,183.3,188.9,194.6,200.1,205.5,210.4,215.5,220.3,224.9,229.3,233.3,237.5,242.2,246.7,,,,,,,,,,,,,,,,,,,,,,,,,,,,,,,,,,,,
72,GUY,Guyana,39.4,40.2,40.8,41.2,41.4,41.5,41.7,41.9,42.1,42.4,42.8,43.4,44.0,44.8,45.6,46.7,47.8,49.0,50.2,51.4,52.7,54.1,55.6,57.2,58.8,60.4,61.9,63.3,64.7,65.8,66.8,67.7,68.5,69.2,69.8,70.4,71.0,71.5,72.0,72.4,72.7,73.0,73.2,73.4,73.6,73.9,74.3,74.9,75.9,77.0,78.5,80.4,82.8,85.7,89.2,93.3,98.0,103.2,108.9,115.2,121.8,128.8,135.9,143.0,150.2,157.7
73,HTI,Haiti,69.0,71.0,73.1,75.2,77.2,208.8,81.2,83.3,85.5,87.7,90.0,92.4,95.1,98.1,101.3,104.8,108.5,112.4,116.5,120.7,124.9,129.1,133.3,137.6,141.7,145.8,150.0,154.2,158.5,163.0,167.6,172.2,177.0,181.9,186.9,191.9,196.9,202.2,207.5,213.0,218.4,224.0,229.4,234.8,240.1,245.1,249.9,254.6,259.2,263.9,268.5,273.0,277.3,281.9,286.6,291.4,296.3,301.4,306.7,311.9,,,,,,
74,HND,Honduras,20.4,21.1,21.8,22.6,23.5,24.4,25.4,26.5,27.6,28.8,30.0,31.3,32.7,34.2,35.8,37.4,39.1,60.0,42.6,44.4,46.4,48.4,50.6,52.9,55.5,58.2,61.1,64.2,67.4,70.9,74.6,78.4,82.5,86.7,91.1,95.7,100.4,105.3,110.3,115.3,120.5,125.7,131.2,136.6,142.2,147.9,153.7,159.6,165.6,171.6,177.8,184.2,190.3,196.8,203.4,210.2,217.2,224.6,232.3,240.2,,,,,,
75,HUN,Hungary,5.9,6.1,6.2,6.3,6.4,6.6,6.8,7.2,7.5,7.9,8.3,8.7,9.2,9.8,10.5,11.2,11.7,12.2,12.6,13.1,13.8,14.7,15.9,17.2,18.3,19.1,19.6,20.2,21.5,23.0,24.0,24.1,23.9,24.2,25.1,26.2,27.5,29.4,32.3,35.9,39.2,41.2,42.0,42.2,42.3,42.7,43.7,45.0,46.2,47.4,48.9,50.8,52.7,54.4,56.1,58.9,63.2,67.6,70.6,71.9,72.5,73.0,,,,
76,ISL,Iceland,2.0,2.1,2.1,2.2,2.3,2.4,2.5,2.7,2.8,2.9,3.1,3.3,3.4,3.6,3.8,4.0,4.2,4.5,4.7,5.0,5.2,5.5,5.7,5.9,6.2,6.4,6.6,6.9,7.1,7.4,7.7,8.0,8.4,8.8,9.2,9.8,10.3,10.9,11.5,12.2,12.8,13.4,14.0,14.6,15.2,15.8,16.5,17.1,17.8,18.5,19.1,19.7,20.2,20.7,21.1,21.4,21.8,22.3,22.9,23.6,24.4,25.3,26.5,27.8,29.2,
77,IND,India,47.7,49.8,52.1,54.5,57.2,59.9,62.7,65.6,68.5,71.5,74.6,77.7,81.0,84.3,87.7,91.2,94.8,98.3,101.9,105.3,108.7,112.1,115.4,118.8,122.2,125.8,129.5,133.4,137.3,141.2,145.2,149.2,153.5,157.9,162.6,167.6,172.8,178.2,183.4,188.6,193.4,197.9,202.2,206.1,209.9,213.3,216.6,219.8,223.1,226.3,229.6,232.9,236.3,240.0,243.7,247.7,251.8,256.0,260.4,264.9,269.5,274.5,279.5,,,
78,IDN,Indonesia,27.2,28.2,29.3,30.4,31.7,33.1,34.7,36.2,37.9,39.6,41.4,49.3,45.4,47.6,49.8,52.3,54.9,57.6,60.5,63.6,66.7,70.1,73.6,77.1,80.9,84.7,88.4,92.2,95.9,99.5,103.1,106.7,110.3,113.9,117.5,121.1,124.8,128.5,132.4,136.5,140.8,145.3,150.1,155.1,160.3,165.6,171.1,176.8,182.5,188.2,193.9,199.5,205.1,210.7,216.5,222.4,228.5,234.9,241.7,248.8,256.1,263.7,271.5,279.4,287.6,
79,IRN,Iran (Islamic Republic of),15.5,16.1,16.8,17.5,18.3,19.2,20.2,21.4,22.8,24.2,25.7,27.3,29.0,30.8,32.7,34.7,36.8,38.9,41.1,43.2,45.3,47.4,49.6,51.9,54.5,57.5,60.8,64.5,68.5,72.8,77.4,82.5,88.2,94.6,101.9,109.9,118.5,127.4,136.4,145.2,153.7,162.0,170.2,178.2,186.6,,,,,,,,,,,,,,,,,,,,,
80,IRQ,Iraq,32.0,32.9,33.9,34.8,35.7,36.6,37.5,38.3,39.1,39.9,40.7,41.5,42.3,43.0,43.8,44.7,45.6,46.5,47.4,48.2,49.1,50.0,51.0,51.9,53.0,54.1,55.3,56.6,58.1,59.7,61.6,63.6,65.7,68.0,70.6,73.3,76.3,79.5,83.0,86.8,90.8,95.2,99.8,104.7,109.7,115.0,120.6,126.7,133.2,140.1,147.7,155.8,164.6,174.2,184.5,195.7,207.9,221.1,235.3,250.6,267.0,284.5,303.1,322.4,343.1,364.3
81,IRL,Ireland,3.6,3.7,3.8,4.0,4.1,4.2,4.3,4.5,4.6,4.9,5.2,5.6,6.1,6.5,6.9,7.1,7.3,7.3,7.3,7.3,7.3,7.4,7.7,8.1,8.6,9.2,9.6,9.9,10.1,10.4,10.7,11.1,11.7,12.4,13.3,14.3,15.5,16.8,18.0,19.1,20.0,20.6,21.1,21.4,21.7,22.2,23.0,24.1,25.5,27.0,28.6,30.1,31.3,32.5,33.9,35.3,36.8,38.2,39.7,41.3,43.0,44.9,47.1,49.5,51.9,54.2
82,ISR,Israel,4.0,4.1,4.2,4.3,4.4,4.6,4.7,4.9,5.1,5.3,5.6,5.8,6.1,6.4,6.6,6.9,7.2,7.5,7.8,8.2,8.7,9.2,9.9,10.5,11.1,11.6,12.1,12.5,13.1,13.7,14.4,15.2,16.0,16.6,17.3,18.0,19.0,20.2,21.8,23.8,26.2,29.2,,,,,,,,,,,,,,,,,,,,,,,,
83,ITA,Italy,3.5,3.6,3.7,3.8,3.9,4.0,4.1,4.1,4.2,4.3,4.4,4.5,4.7,5.0,5.2,5.5,5.9,6.2,6.6,7.0,7.5,8.0,8.5,8.9,9.3,9.7,10.0,10.4,10.8,11.3,12.0,12.7,13.5,14.3,15.2,16.1,17.0,18.1,19.5,21.1,23.1,25.3,27.6,29.8,31.8,33.6,35.1,36.4,37.8,39.3,41.1,43.1,45.4,47.6,49.8,52.0,54.0,55.8,57.4,59.3,61.9,65.3,69.8,75.3,81.8,88.9
84,JAM,Jamaica,15.7,16.2,16.7,17.2,17.6,18.1,18.5,18.9,19.2,19.5,19.7,20.0,20.4,20.9,21.4,22.0,22.7,23.4,24.3,25.1,26.0,26.9,27.8,28.7,29.6,30.6,31.5,32.4,33.3,34.3,35.3,36.3,37.3,38.4,39.5,40.7,41.9,43.1,44.5,46.0,47.6,49.3,51.2,53.3,55.5,57.8,60.0,62.3,64.5,66.8,69.2,71.8,74.5,77.5,80.8,84.4,88.3,92.6,97.1,101.8,106.8,112.1,117.4,123.0,,
85,JPN,Japan,2.7,2.8,2.9,3.0,3.4,3.2,3.3,3.4,3.5,3.6,3.7,3.9,4.0,4.1,4.3,4.5,4.7,5.0,5.2,5.5,5.7,5.9,6.0,6.1,6.2,6.3,6.4,6.6,6.8,7.1,7.5,7.9,8.3,8.8,9.3,9.9,10.5,11.1,11.8,12.5,13.3,14.1,14.9,15.7,16.5,17.5,18.5,19.6,21.0,22.6,24.6,27.0,29.7,32.8,36.2,39.7,43.3,46.8,50.3,54.0,58.0,62.8,68.4,74.9,82.6,91.3
86,JOR,Jordan,17.9,18.5,19.0,19.6,20.2,20.8,21.5,22.1,22.7,23.4,24.1,24.8,25.5,26.2,26.9,27.7,28.4,29.1,29.9,30.7,31.5,32.4,33.3,34.3,35.4,36.6,37.9,39.3,40.9,42.7,44.6,46.6,48.7,51.0,53.4,55.9,58.5,61.3,64.2,67.3,70.6,74.1,77.7,81.6,85.7,90.1,94.7,99.7,105.1,110.9,117.1,123.8,131.0,138.8,147.3,156.4,165.9,176.0,186.6,198.0,209.7,221.7,234.3,247.3,260.9,275.1
87,KAZ,Kazakhstan,14.1,15.1,16.4,17.9,19.6,21.6,23.7,25.9,28.1,30.3,32.5,34.7,36.8,39.0,41.2,43.6,45.9,48.1,50.1,51.8,52.7,53.1,52.9,52.7,52.4,52.6,53.3,54.4,55.8,57.5,59.4,61.5,63.6,65.9,68.1,70.2,72.0,73.6,75.0,76.4,77.8,79.3,80.8,82.6,84.5,,,,,,,,,,,,,,,,,,,,,
88,KEN,Kenya,49.4,51.3,53.4,55.6,58.5,62.1,65.8,70.1,76.1,80.7,85.5,90.6,95.4,99.9,104.1,107.9,111.0,113.4,114.9,115.4,114.8,113.4,111.1,108.2,105.2,102.3,99.8,97.9,96.7,96.3,96.8,97.9,99.8,102.3,105.3,108.7,112.4,116.3,120.5,124.8,129.0,133.1,137.2,141.0,144.7,148.3,152.0,155.5,159.0,162.6,166.6,171.2,176.7,183.1,190.6,199.2,208.6,219.0,230.4,242.9,256.5,271.3,287.2,304.1,,
89,KIR,Kiribati,55.9,57.4,58.9,60.4,61.7,62.9,63.9,64.5,64.8,64.8,64.8,65.1,65.7,66.9,68.5,70.6,72.8,75.1,77.3,79.4,81.6,83.8,86.2,89.0,92.2,96.0,100.1,104.3,108.3,111.9,114.9,117.4,119.3,120.7,121.7,122.3,122.9,123.3,124.0,124.8,126.0,127.7,129.8,132.5,136.0,140.0,144.4,149.5,154.8,160.7,167.0,173.5,180.5,,,,,,,,,,,,,
90,KWT,Kuwait,8.6,9.0,9.4,9.9,10.3,10.8,11.1,11.3,11.5,11.6,11.7,11.9,12.1,12.3,12.5,12.7,12.9,13.3,13.8,14.2,14.7,15.2,15.7,16.3,19.9,17.9,18.8,19.6,20.6,21.7,23.1,25.0,27.4,30.2,33.2,36.1,39.1,42.1,45.1,48.2,51.4,54.8,58.4,62.3,66.5,70.9,75.8,81.1,87.0,93.7,101.1,109.1,117.9,126.9,136.6,146.9,157.8,,,,,,,,,
91,KGZ,Kyrgyzstan,21.3,22.6,24.0,25.7,27.8,30.0,32.3,34.4,36.3,37.9,39.3,40.8,42.5,44.4,46.4,48.7,51.1,53.7,56.3,58.9,61.3,63.0,64.1,64.5,64.7,65.0,66.2,68.4,71.4,75.0,79.1,83.5,87.9,92.2,96.0,99.5,102.4,105.2,107.6,110.0,112.6,,,,,,,,,,,,,,,,,,,,,,,,,
92,LAO,Lao People's Democratic Republic,66.7,69.1,71.3,74.0,76.7,79.7,82.8,86.2,89.8,93.5,97.2,101.1,105.1,109.2,113.4,117.7,122.0,126.4,130.9,135.5,140.1,144.7,149.3,153.8,158.2,162.4,166.4,170.5,174.3,178.1,181.8,185.5,189.2,192.9,196.6,200.3,204.2,208.3,,,,,,,,,,,,,,,,,,,,,,,,,,,,
93,LVA,Latvia,7.9,8.2,8.4,8.7,9.0,9.4,9.9,10.5,11.1,11.8,12.5,13.4,14.3,15.1,16.0,17.2,18.6,20.1,21.6,22.9,23.7,24.0,23.8,23.2,22.0,20.4,19.0,18.3,18.6,19.6,21.0,22.4,23.6,24.3,24.7,24.9,25.0,,,,,,,,,,,,,,,,,,,,,,,,,,,,,
94,LBN,Lebanon,8.3,8.6,8.9,9.3,9.7,10.1,10.7,11.3,12.1,13.0,14.1,15.2,16.4,17.6,18.8,20.0,21.2,22.3,23.5,24.6,25.8,27.0,28.3,29.6,31.0,32.5,34.1,35.9,37.7,39.6,41.6,43.6,45.6,47.5,49.4,51.2,52.9,54.5,56.0,57.4,58.6,59.6,60.5,61.2,61.9,62.7,63.4,64.2,65.2,66.3,67.6,69.1,70.9,72.9,75.1,77.4,80.0,82.7,85.4,88.0,,,,,,
95,LSO,Lesotho,90.2,92.0,93.6,94.1,96.8,100.7,106.5,116.5,119.3,123.2,123.4,123.0,122.0,120.4,118.6,116.8,114.3,111.4,107.9,103.7,98.9,94.3,90.8,88.7,87.9,88.1,88.9,90.2,92.1,94.4,97.4,100.9,105.0,109.6,114.9,120.5,126.4,132.5,138.7,144.9,150.8,156.3,161.4,166.3,170.9,175.2,179.3,182.8,185.5,187.4,188.5,189.1,189.4,189.7,190.4,191.9,194.2,197.6,201.7,206.8,212.5,218.7,225.4,232.2,,
96,LBR,Liberia,69.9,72.9,76.3,80.3,84.5,89.3,94.7,100.9,107.8,115.7,124.7,134.8,145.9,157.6,169.7,181.8,193.9,205.8,217.1,227.7,237.4,245.5,251.6,255.4,256.7,255.0,251.5,246.9,242.1,237.8,235.0,233.7,234.0,235.6,238.0,241.1,244.6,248.4,252.3,256.8,261.2,266.1,271.3,276.2,281.2,286.3,291.6,296.8,301.4,305.6,308.8,311.7,314.0,315.4,316.4,316.3,315.7,315.0,314.1,,,,,,,
97,LBY,Libya,13.4,13.9,14.5,15.1,17.6,16.6,17.6,18.8,20.2,21.7,23.1,24.4,25.5,26.5,27.3,28.1,29.0,29.9,30.8,31.9,33.1,34.4,35.9,37.6,39.5,41.6,43.9,46.3,48.9,51.6,54.4,57.3,60.5,63.7,67.2,70.8,74.8,79.1,84.0,89.4,95.5,102.3,109.9,118.3,127.6,137.8,148.7,160.5,173.2,186.6,200.6,215.2,230.7,246.7,263.4,281.5,300.3,,,,,,,,,
98,LIE,Liechtenstein,,,,,,,,,,,,,,,,,,,,,,,,,,,,,,,,,,,,,,,,,,,,,,,,,,,,,,,,,,,,,,,,,,
99,LTU,Lithuania,5.2,5.2,5.3,5.6,6.1,6.7,7.4,8.1,8.8,9.5,9.9,10.2,10.5,10.9,11.3,11.8,12.2,12.8,13.6,14.8,16.5,18.6,20.0,19.7,18.0,16.5,15.8,15.9,16.7,17.9,19.2,20.1,20.7,21.2,21.7,22.4,23.2,24.0,24.7,25.0,24.8,24.2,23.6,23.3,23.7,25.0,27.1,29.2,30.2,,,,,,,,,,,,,,,,,
100,LUX,Luxembourg,1.9,2.0,2.0,2.1,2.3,2.4,2.6,2.8,3.0,3.3,3.5,3.8,4.1,4.3,4.6,4.8,5.1,5.4,5.7,6.0,6.4,6.8,7.3,7.7,8.3,8.8,9.3,9.8,10.2,10.7,11.2,11.6,12.0,12.5,12.9,13.3,13.8,14.4,15.1,15.8,16.7,17.7,18.8,20.0,21.1,22.4,23.6,24.7,25.9,27.0,28.1,29.2,,,,,,,,,,,,,,
101,MDG,Madagascar,49.6,51.5,53.4,55.5,57.8,60.3,63.3,66.7,70.8,75.4,80.6,85.9,91.5,97.2,103.1,109.2,115.5,121.7,127.7,133.4,138.4,142.9,147.1,151.3,155.8,160.7,166.2,171.7,176.5,180.1,182.4,183.1,182.4,180.3,177.6,174.6,172.2,170.1,168.0,165.9,163.5,161.0,158.2,155.7,153.7,151.9,150.2,148.6,,,,,,,,,,,,,,,,,,
102,MWI,Malawi,64.0,66.9,71.3,77.3,84.5,90.9,95.4,100.0,104.9,109.9,116.2,124.6,135.2,148.0,161.7,174.4,185.0,193.1,198.7,203.0,207.5,212.6,219.0,226.8,235.0,242.4,248.1,251.8,253.1,252.0,248.4,244.6,242.7,244.4,249.2,256.7,266.0,276.6,287.7,299.0,309.4,318.8,327.8,335.9,342.3,347.0,349.9,351.8,352.9,354.0,355.7,357.2,,,,,,,,,,,,,,
103,MYS,Malaysia,7.0,7.2,7.5,7.7,7.9,8.0,8.0,8.0,8.0,8.1,8.2,8.3,8.5,8.9,9.4,10.2,11.0,11.8,12.4,12.9,13.3,13.9,14.4,15.1,15.8,16.6,17.4,18.3,19.4,20.5,21.8,23.2,24.8,26.6,28.5,30.5,32.7,35.0,37.4,39.9,42.5,45.1,47.8,50.5,53.1,55.8,58.5,61.3,64.2,67.3,70.8,74.5,78.5,82.9,87.7,92.8,98.2,104.0,110.2,116.8,,,,,,
104,MDV,Maldives,8.6,9.2,9.9,10.7,11.8,13.0,14.4,16.0,17.8,20.1,22.8,28.8,29.9,34.3,39.2,44.4,49.8,55.2,60.5,65.8,70.8,75.7,80.4,85.1,89.5,94.1,98.8,103.7,108.9,114.5,120.3,126.6,133.1,140.0,147.3,155.3,163.9,173.2,183.0,193.4,204.4,215.9,227.9,239.5,250.5,260.9,270.5,279.8,289.0,297.9,306.6,315.0,323.5,,,,,,,,,,,,,
105,MLI,Mali,114.7,118.3,122.7,127.0,131.7,136.6,142.0,148.3,155.1,162.9,171.8,181.7,191.8,201.8,211.2,219.6,226.4,231.7,235.3,237.9,240.0,242.0,243.9,246.6,250.0,254.4,259.5,265.2,271.3,277.9,285.0,292.6,300.7,308.9,317.0,324.7,332.9,341.4,350.4,359.4,368.3,376.6,384.0,390.3,395.4,400.0,404.6,409.8,415.4,421.8,428.5,435.8,443.5,,,,,,,,,,,,,
106,MLT,Malta,6.4,6.5,6.6,6.7,6.7,6.7,6.8,6.8,6.8,6.9,7.0,7.0,7.2,7.3,7.5,7.8,8.1,8.4,8.7,9.1,9.4,9.8,10.2,10.5,10.9,11.3,11.7,12.2,12.7,13.3,13.9,14.5,15.1,15.7,16.3,16.9,17.6,18.4,19.3,20.3,21.4,22.6,23.9,25.1,26.5,27.8,29.2,30.5,31.8,33.1,34.3,35.4,36.5,37.7,39.1,40.7,42.7,45.0,47.6,50.6,53.7,57.1,,,,
107,MHL,Marshall Islands,36.0,37.0,37.8,38.3,38.8,39.1,39.3,39.5,39.7,39.9,40.2,40.4,40.7,41.1,41.3,41.4,41.5,41.5,41.6,41.9,42.5,43.4,44.8,46.4,48.3,50.3,52.4,54.5,56.6,58.7,60.7,62.8,64.9,66.9,68.8,70.5,72.1,73.5,74.7,76.0,77.3,78.7,80.4,82.4,84.7,87.5,90.5,93.7,97.3,101.1,105.0,109.4,114.0,118.6,123.7,129.0,134.4,,,,,,,,,
108,MRT,Mauritania,84.7,87.5,90.2,92.7,95.4,97.8,100.4,103.0,105.5,107.9,109.8,111.4,112.4,112.9,113.1,113.5,113.6,113.9,113.9,113.9,113.8,113.9,114.3,114.9,116.2,118.1,120.7,124.3,128.6,133.7,139.2,144.8,150.0,154.9,159.5,164.1,168.6,173.4,178.0,182.0,185.5,188.0,189.3,190.2,191.5,193.9,197.5,202.6,208.8,215.5,222.0,228.5,235.2,242.0,249.0,255.9,262.8,269.6,276.2,282.7,288.8,294.8,300.7,306.3,311.4,316.4
109,MUS,Mauritius,13.5,13.9,14.3,14.6,14.9,15.2,15.5,15.8,16.0,15.9,15.7,15.6,15.6,16.1,17.1,18.6,20.2,21.6,22.6,22.7,22.2,21.6,21.2,21.2,21.8,23.1,24.9,27.1,28.8,29.0,28.4,28.9,31.3,34.7,37.7,40.3,42.9,46.2,50.8,57.4,65.2,72.3,76.9,79.4,81.0,82.9,86.9,92.7,96.1,92.7,86.4,83.6,87.0,93.4,98.6,102.1,105.8,111.7,121.1,135.4,,,,,,
110,MEX,Mexico,13.2,13.8,14.5,15.3,16.0,16.8,17.4,17.9,18.4,18.9,19.5,20.4,21.4,22.6,24.1,25.6,27.3,29.1,31.0,33.0,35.0,37.2,39.4,41.7,44.1,46.6,49.0,51.4,53.8,56.2,58.7,61.4,64.3,67.6,71.3,75.1,78.8,82.4,85.6,88.6,91.5,94.5,97.7,101.1,104.9,108.6,112.3,115.8,119.1,122.0,124.6,127.3,129.7,,,,,,,,,,,,,
111,FSM,Micronesia (Federated States of),34.7,35.8,37.0,38.2,39.4,40.7,42.0,43.1,44.6,45.9,47.4,48.8,50.2,51.6,52.8,53.9,54.9,55.6,56.0,55.9,55.6,55.3,55.1,55.0,55.2,55.6,56.3,57.1,58.0,58.6,59.0,59.0,58.7,58.0,57.2,,,,,,,,,,,,,,,,,,,,,,,,,,,,,,,
112,MCO,Monaco,3.5,3.6,3.7,3.8,3.9,4.0,4.1,4.2,4.3,4.4,4.5,4.6,4.7,4.8,5.0,5.2,5.3,5.5,5.8,6.0,6.2,6.5,6.8,7.1,7.4,7.8,8.1,,,,,,,,,,,,,,,,,,,,,,,,,,,,,,,,,,,,,,,
113,MNG,Mongolia,22.4,23.5,24.7,26.2,28.0,30.0,32.3,34.8,37.4,40.3,43.4,46.8,50.4,54.3,58.4,62.7,67.1,71.5,75.9,80.3,84.6,89.0,93.4,98.0,102.8,107.8,113.1,118.5,124.2,130.0,135.8,141.5,147.4,153.3,159.4,165.9,172.7,179.9,,,,,,,,,,,,,,,,,,,,,,,,,,,,
114,MNE,Montenegro,4.7,5.0,5.3,5.7,6.2,6.8,7.4,8.1,8.9,9.6,10.4,11.1,11.9,12.6,13.2,13.8,14.3,14.6,14.9,15.0,15.1,15.2,15.3,15.6,16.0,16.6,17.6,18.9,20.5,22.4,24.6,26.9,,,,,,,,,,,,,,,,,,,,,,,,,,,,,,,,,,
115,MAR,Morocco,27.6,28.6,29.7,30.7,31.9,33.1,34.5,35.8,37.3,38.8,40.4,42.1,43.9,45.8,47.9,50.0,52.3,54.8,57.5,60.3,63.3,66.4,69.7,73.0,76.5,80.1,84.0,88.1,92.7,97.7,103.0,108.6,114.6,120.8,127.2,133.8,140.6,147.4,154.1,160.4,166.2,171.4,176.1,180.4,184.4,188.7,193.2,198.1,203.4,208.7,214.1,219.3,224.5,229.6,234.5,239.4,244.3,249.3,254.4,259.7,,,,,,
116,MOZ,Mozambique,78.5,81.2,85.6,90.9,97.5,102.8,107.6,113.6,120.1,127.8,133.8,140.2,147.1,154.5,162.5,171.1,180.1,189.5,198.8,207.4,215.2,222.0,227.7,232.4,236.4,239.7,242.8,245.7,248.5,251.2,253.8,256.2,258.3,259.8,261.0,261.8,262.5,263.4,264.4,265.7,266.7,268.3,269.4,270.4,271.5,272.6,273.7,274.9,275.9,277.2,278.0,,,,,,,,,,,,,,,
117,MMR,Myanmar,50.0,51.7,53.5,55.3,57.2,59.3,61.4,87.2,65.8,68.1,70.5,72.8,75.2,77.5,79.9,82.3,84.8,87.4,90.0,92.7,95.4,98.2,101.1,104.1,107.0,109.9,112.7,115.6,118.5,121.3,124.3,127.2,130.3,133.4,136.7,140.0,143.6,147.3,151.2,155.3,159.1,163.2,167.1,171.2,175.2,179.2,183.3,187.5,,,,,,,,,,,,,,,,,,
118,NAM,Namibia,45.4,46.4,47.7,49.9,51.6,53.8,56.7,60.1,64.0,68.4,71.7,73.9,75.2,75.8,76.0,75.7,74.9,73.7,72.4,71.2,70.2,69.7,69.7,70.4,71.7,73.5,75.7,78.3,81.1,83.9,87.0,89.8,92.5,94.7,96.5,97.7,98.4,98.6,98.6,98.4,98.1,97.8,97.5,97.2,97.0,96.7,96.4,96.2,96.1,,,,,,,,,,,,,,,,,
119,NRU,Nauru,35.4,36.3,37.2,38.1,38.8,39.4,39.7,39.7,39.3,39.0,38.7,38.8,39.0,39.5,40.3,41.2,42.2,43.5,44.9,46.4,48.0,49.6,51.3,53.1,54.9,56.9,,,,,,,,,,,,,,,,,,,,,,,,,,,,,,,,,,,,,,,,
120,NPL,Nepal,35.8,37.4,39.0,40.9,43.1,45.4,48.0,50.7,53.6,56.6,60.0,63.5,67.4,71.5,75.9,80.6,85.6,90.8,96.3,101.8,107.7,113.7,120.0,126.7,133.6,140.7,147.9,155.1,162.3,169.5,176.5,183.2,189.8,196.3,202.9,209.4,215.8,222.2,228.3,234.2,239.8,245.3,250.8,256.2,261.8,267.6,273.6,279.8,286.3,293.1,300.0,306.5,312.6,318.1,323.0,327.1,330.4,332.9,334.3,335.8,,,,,,
121,NLD,Netherlands,3.8,3.9,4.0,4.2,4.3,4.4,4.6,4.8,5.0,5.2,5.4,5.6,5.7,5.9,6.1,6.2,6.3,6.4,6.5,6.7,6.9,7.1,7.4,7.7,8.0,8.3,8.6,8.9,9.2,9.5,9.7,9.9,10.2,10.4,10.6,10.9,11.2,11.6,12.1,12.6,13.1,13.6,14.1,14.7,15.3,15.8,16.4,16.9,17.4,17.9,18.3,18.8,19.3,19.7,20.3,20.8,21.5,22.2,23.1,24.0,25.1,26.3,27.6,29.0,30.4,31.9
122,NZL,New Zealand,5.7,5.8,5.9,6.0,6.1,6.2,6.3,6.4,6.4,6.5,6.6,6.7,6.9,7.0,7.2,7.4,7.6,7.8,8.1,8.4,8.7,9.1,9.5,10.0,10.6,11.2,11.8,12.4,12.9,13.4,13.8,14.2,14.5,14.8,15.2,15.6,16.1,16.6,17.1,17.7,18.3,18.9,19.4,19.9,20.3,20.8,21.2,21.6,22.0,22.5,23.1,23.8,24.7,25.8,26.8,27.9,28.8,29.5,30.1,30.7,31.3,32.1,33.0,33.9,34.8,35.5
123,NIC,Nicaragua,22.1,22.8,23.5,24.4,25.2,26.1,27.1,28.1,29.2,30.4,31.7,33.2,34.7,36.4,38.3,40.3,42.5,50.3,47.4,50.0,52.7,55.5,58.3,61.2,64.0,66.9,69.7,72.6,75.6,78.9,82.7,86.8,91.5,96.8,102.7,109.1,116.0,123.2,130.5,137.8,144.7,151.1,157.1,162.4,167.2,171.4,175.2,178.8,182.0,184.9,187.6,190.0,192.5,194.8,197.0,199.3,201.5,203.7,205.8,208.4,211.0,,,,,
124,NER,Niger,95.5,99.6,104.1,109.6,116.1,123.6,132.1,141.3,151.3,161.8,172.7,184.1,195.7,207.0,217.6,227.3,236.4,245.8,255.9,267.1,279.5,292.2,303.8,313.7,321.9,328.2,332.9,335.7,336.9,335.8,332.9,328.9,324.5,321.0,319.1,319.6,322.0,326.0,330.5,334.6,337.1,338.0,337.0,334.3,330.9,327.0,322.9,318.8,315.1,,,,,,,,,,,,,,,,,
125,NGA,Nigeria,108.8,112.5,116.6,120.9,125.5,130.3,135.5,140.9,146.4,152.2,158.1,164.1,169.9,175.6,181.3,186.8,192.0,197.0,201.4,205.1,207.8,209.7,211.0,211.7,212.2,212.5,212.6,212.2,211.5,210.6,209.5,208.8,208.9,209.6,211.5,214.4,218.6,223.8,229.9,236.8,244.3,252.3,260.4,268.9,277.1,284.9,292.6,300.0,307.0,313.8,320.5,327.5,,,,,,,,,,,,,,
126,NIU,Niue,23.0,23.6,24.3,24.9,25.6,26.2,26.8,27.3,27.6,27.8,27.8,27.4,26.7,25.6,24.4,23.2,22.0,20.9,19.8,18.8,17.9,17.0,16.1,15.3,14.6,13.8,13.1,12.4,11.8,11.2,,,,,,,,,,,,,,,,,,,,,,,,,,,,,,,,,,,,
127,NOR,Norway,2.6,2.7,2.8,3.0,3.1,3.2,3.4,3.5,3.7,3.9,4.0,4.2,4.4,4.5,4.7,4.9,5.0,5.1,5.2,5.4,5.7,6.1,6.6,7.2,7.9,8.7,9.3,9.8,10.1,10.3,10.2,10.1,10.0,9.9,9.9,10.1,10.4,10.9,11.5,12.2,12.9,13.6,14.3,15.0,15.6,16.2,16.9,17.5,18.2,19.0,19.7,20.4,21.0,21.5,22.1,22.6,23.2,23.9,24.6,25.2,25.8,26.6,27.7,29.1,30.8,32.8
128,OMN,Oman,11.6,11.6,11.7,11.6,11.6,11.7,11.7,11.9,12.1,12.3,12.7,13.2,13.8,14.6,15.5,16.6,17.8,19.2,20.8,22.5,24.5,26.8,29.4,32.4,35.7,39.4,43.6,48.1,53.3,59.3,66.1,73.9,82.4,91.6,101.4,111.6,122.2,133.1,144.4,155.8,167.4,179.0,190.8,202.7,215.1,227.6,240.5,253.9,267.5,281.3,295.5,310.4,325.8,,,,,,,,,,,,,
129,PAK,Pakistan,81.1,83.3,85.6,87.8,89.9,91.8,93.7,95.5,97.4,99.3,101.2,103.2,105.3,107.5,109.8,112.3,114.9,117.6,120.3,123.0,125.7,128.3,131.0,133.5,136.0,138.6,141.1,143.6,146.2,148.7,151.1,153.4,155.6,157.7,159.6,161.5,163.4,165.3,167.3,169.6,172.0,174.6,177.7,181.0,184.7,188.8,193.3,198.3,203.8,209.8,216.7,224.3,232.7,241.9,251.6,261.9,272.8,284.4,296.7,310.1,324.1,338.9,354.7,371.5,388.8,
130,PLW,Palau,16.4,17.0,17.5,18.2,18.8,19.4,20.1,20.7,21.4,22.1,22.9,23.6,24.4,25.1,25.9,26.8,27.7,28.5,29.4,30.4,31.3,32.3,33.3,34.2,35.2,36.1,37.1,38.0,39.0,39.9,40.8,41.8,,,,,,,,,,,,,,,,,,,,,,,,,,,,,,,,,,
131,PAN,Panama,17.0,17.6,18.1,18.7,19.2,19.8,20.5,21.0,21.7,22.3,22.9,23.5,24.1,24.8,25.4,26.0,26.5,27.0,27.4,27.7,28.1,28.4,28.9,29.4,30.1,30.9,31.9,32.9,34.1,35.4,36.7,38.2,39.8,41.4,43.0,44.6,46.1,47.7,49.3,51.2,53.3,55.7,58.6,61.6,64.7,67.7,70.5,72.9,75.2,77.4,79.6,81.8,84.2,86.8,89.5,92.1,94.7,97.4,100.1,103.0,105.9,109.0,112.3,115.6,119.1,
132,PNG,Papua New Guinea,57.3,59.1,60.9,62.5,64.3,66.1,67.9,69.7,71.5,72.9,74.2,75.2,76.1,77.0,77.7,78.5,79.3,80.2,81.0,82.0,83.0,84.1,85.3,86.6,88.0,89.4,90.9,92.4,93.9,95.5,97.2,99.0,101.1,103.2,105.6,108.1,110.7,113.6,116.6,119.9,123.5,127.2,131.2,135.4,139.8,144.4,149.3,154.4,159.7,165.0,170.6,176.3,182.1,188.0,194.0,200.2,206.5,212.8,219.4,226.3,233.4,,,,,
133,PRY,Paraguay,20.5,21.2,21.9,22.6,23.3,24.1,24.9,25.7,26.6,27.5,28.4,29.4,30.4,31.5,32.5,33.5,34.6,35.7,36.8,37.9,39.2,40.5,41.9,43.3,44.9,46.5,48.2,49.9,51.7,53.5,55.3,57.2,59.1,61.0,62.9,64.7,66.4,68.0,69.6,71.1,72.5,73.8,75.1,76.1,77.1,78.0,78.7,79.4,80.1,80.6,81.3,82.0,82.7,83.4,84.3,85.3,86.4,87.5,88.7,89.9,,,,,,
134,PER,Peru,16.9,17.5,18.3,19.1,20.0,21.0,22.1,23.2,24.5,25.9,27.4,29.1,31.1,33.3,35.8,38.6,41.8,45.3,49.1,53.2,57.5,62.0,66.5,71.0,75.4,79.7,84.0,88.6,93.5,98.8,104.2,109.3,114.1,118.3,121.8,124.9,127.7,130.4,133.3,136.7,140.5,144.9,149.5,154.2,159.0,163.8,168.8,173.9,179.5,185.6,192.3,199.4,206.6,213.8,220.7,227.4,234.0,241.1,249.0,258.4,268.5,280.3,293.0,306.2,,
135,PHL,Philippines,28.0,28.8,29.6,30.4,31.2,31.9,32.6,33.4,34.2,34.9,35.7,36.5,37.3,38.1,38.9,39.7,40.6,41.6,42.7,44.0,45.6,47.4,49.5,52.1,54.9,58.2,61.7,65.2,68.6,71.6,74.0,75.9,77.3,78.4,79.3,80.1,80.9,81.5,81.8,82.0,82.1,82.1,82.3,82.6,83.1,84.0,85.2,86.7,88.5,90.4,92.4,94.6,96.8,99.5,102.4,106.0,110.0,114.5,119.3,124.4,129.7,135.4,141.4,,,
136,POL,Poland,5.2,5.2,5.2,5.3,5.5,5.8,6.2,6.7,7.0,7.3,7.6,7.8,8.1,8.4,8.8,9.3,9.9,10.8,12.0,13.3,14.5,15.5,16.0,16.4,16.8,17.3,17.9,18.4,18.9,19.5,20.3,21.2,22.0,22.7,23.3,23.9,24.6,25.5,26.4,27.1,27.7,28.7,30.4,32.5,34.5,36.3,37.7,38.8,40.2,42.6,45.9,49.3,52.5,55.6,59.4,64.7,72.8,84.3,,,,,,,,
137,PRT,Portugal,3.6,3.7,3.8,3.8,3.8,3.9,4.0,4.1,4.2,4.4,4.7,5.1,5.6,6.1,6.7,7.2,7.7,8.2,8.6,9.1,9.7,10.5,11.4,12.5,13.6,14.7,15.9,17.0,18.2,19.3,20.4,21.6,22.8,24.2,25.8,27.6,29.7,32.3,35.6,39.5,43.5,47.8,52.6,58.0,63.4,68.2,72.0,75.1,77.7,80.8,85.2,91.0,97.6,104.3,110.3,114.6,117.4,119.5,121.8,124.3,127.2,130.5,,,,
138,QAT,Qatar,8.0,8.2,8.4,8.6,8.8,9.0,9.2,9.5,9.7,10.0,10.3,10.7,11.1,11.5,11.9,12.4,12.9,13.4,13.9,14.6,15.3,16.1,17.1,18.2,19.5,20.8,22.2,23.7,25.2,26.7,28.2,29.7,31.3,32.8,34.4,36.2,38.0,40.0,42.2,44.7,47.5,50.5,54.0,57.7,61.8,66.2,70.9,,,,,,,,,,,,,,,,,,,
139,KOR,Republic of Korea,3.4,3.6,3.7,3.8,4.0,4.1,4.3,4.5,4.8,5.2,5.6,6.0,6.4,6.5,6.4,6.1,5.8,5.5,5.3,5.3,5.5,5.8,6.1,6.4,6.8,7.1,7.5,8.0,8.6,9.3,10.0,10.7,11.4,12.2,13.1,14.3,15.9,17.9,20.4,23.5,27.1,31.2,35.9,41.2,46.8,52.8,59.0,65.4,71.7,77.8,83.8,89.5,95.1,100.8,106.5,112.9,120.7,130.3,142.5,158.4,179.0,205.2,238.6,279.7,330.5,
140,MDA,Republic of Moldova,15.8,16.1,16.4,16.7,16.9,17.2,17.4,17.7,18.1,18.7,19.7,21.1,23.0,25.4,28.3,31.3,34.0,36.3,37.8,38.4,38.1,37.0,35.6,34.2,33.3,33.1,33.6,34.8,36.5,38.5,40.7,42.9,45.1,47.0,48.8,50.3,51.6,53.0,54.6,56.2,57.9,59.6,61.4,63.2,65.0,,,,,,,,,,,,,,,,,,,,,
141,ROU,Romania,11.1,11.5,12.0,12.5,13.2,13.9,14.9,16.1,17.6,19.2,20.9,22.4,23.7,24.9,25.9,26.9,28.1,29.2,30.4,31.4,32.3,33.2,34.1,35.1,36.4,37.7,39.0,39.8,39.8,39.4,38.9,38.6,38.7,39.4,40.6,42.0,43.5,45.1,46.7,48.5,50.4,52.6,55.2,58.2,61.7,65.6,69.4,72.7,,,,,,,,,,,,,,,,,,
142,RUS,Russian Federation,9.6,9.9,10.4,10.8,11.4,12.0,12.7,13.5,14.4,15.5,16.7,18.0,19.3,20.7,22.0,23.2,24.2,25.0,25.6,26.0,26.4,26.4,26.3,26.1,25.9,26.0,26.4,27.2,28.1,29.1,30.0,30.7,31.3,31.9,32.5,33.0,33.6,34.2,34.8,35.6,36.6,37.7,39.2,40.7,42.4,44.2,,,,,,,,,,,,,,,,,,,,
143,RWA,Rwanda,41.7,44.3,47.8,52.1,57.7,64.1,70.6,78.3,87.8,98.6,110.7,124.4,139.4,154.7,170.2,183.8,200.6,234.0,223.0,203.3,268.3,299.6,185.4,165.9,157.3,151.8,149.3,149.4,151.6,155.3,160.1,166.0,174.4,186.5,201.6,218.2,233.6,245.2,250.4,249.4,244.9,238.8,232.4,227.0,222.6,218.7,215.0,211.7,209.0,207.1,205.7,205.3,206.0,207.9,211.3,216.0,222.1,229.5,237.7,246.0,,,,,,
144,KNA,Saint Kitts and Nevis,10.5,10.9,11.3,11.7,12.1,12.5,13.0,13.5,14.0,14.6,15.2,15.8,16.4,17.1,17.8,18.6,19.4,20.2,21.1,22.0,22.9,23.8,24.8,25.9,27.1,28.4,29.9,31.6,33.5,35.7,38.0,40.5,43.2,45.9,48.5,50.9,53.0,54.9,56.5,58.0,59.6,61.2,63.1,65.1,67.2,69.4,,,,,,,,,,,,,,,,,,,,
145,LCA,Saint Lucia,14.3,14.7,15.1,15.4,15.8,16.1,16.3,16.6,16.8,17.0,17.1,17.2,17.3,17.4,17.6,17.8,18.2,18.6,19.0,19.6,20.1,20.6,21.2,21.6,22.1,22.6,23.2,24.0,24.9,26.1,27.3,28.6,29.8,31.0,32.2,33.5,35.1,37.0,39.4,42.6,46.5,51.2,56.5,62.3,68.7,75.5,,,,,,,,,,,,,,,,,,,,
146,VCT,Saint Vincent and the Grenadines,18.3,18.8,19.3,19.8,20.3,20.8,21.1,21.4,21.6,21.7,21.8,21.8,21.9,22.0,22.1,22.2,22.3,22.4,22.4,22.4,22.4,22.4,22.6,23.0,23.6,24.5,25.7,27.3,29.3,31.8,34.9,38.6,42.9,47.6,52.6,57.7,62.6,67.4,71.6,75.2,78.0,80.0,81.1,81.4,81.1,80.4,79.5,,,,,,,,,,,,,,,,,,,
147,WSM,Samoa,17.5,17.9,18.2,18.5,18.6,18.7,24.1,18.8,18.9,19.1,19.3,19.6,20.0,20.4,21.0,21.7,22.4,23.2,24.1,24.9,25.9,26.9,27.9,29.0,30.0,31.0,32.1,33.2,34.5,35.8,37.3,39.0,,,,,,,,,,,,,,,,,,,,,,,,,,,,,,,,,,
148,SMR,San Marino,2.9,3.0,3.1,3.2,3.4,3.5,3.6,3.7,3.9,4.0,4.2,4.4,4.6,4.9,5.2,5.5,5.9,6.3,6.8,7.3,7.8,8.3,8.9,9.5,10.2,10.9,11.7,12.5,13.4,14.3,,,,,,,,,,,,,,,,,,,,,,,,,,,,,,,,,,,,
149,STP,Sao Tome and Principe,47.3,49.0,50.8,52.4,54.4,56.4,58.5,61.0,63.6,66.7,70.1,73.7,77.6,81.5,85.4,89.3,93.2,97.0,100.5,103.7,106.5,108.7,110.2,111.1,111.2,110.7,109.8,108.4,106.9,104.8,102.6,100.1,97.9,95.7,94.1,92.8,91.9,91.2,91.0,90.6,90.1,89.4,88.5,87.6,87.0,86.9,87.5,88.9,91.1,93.9,97.1,,,,,,,,,,,,,,,
150,SAU,Saudi Arabia,14.5,15.0,15.5,16.0,16.5,17.0,17.6,18.1,18.7,19.2,19.7,20.1,20.7,21.3,22.0,22.9,23.8,25.0,26.3,27.8,29.7,31.8,34.2,37.1,40.5,44.3,48.6,53.3,58.4,63.7,69.1,74.7,80.3,86.0,91.9,98.0,104.4,111.1,118.0,125.6,133.4,141.9,150.9,161.0,,,,,,,,,,,,,,,,,,,,,,
151,SEN,Senegal,47.2,49.7,52.5,55.9,60.0,64.8,70.1,75.8,82.0,88.8,96.2,104.2,112.5,120.7,128.4,134.9,139.7,142.4,143.4,143.2,142.1,140.6,139.3,138.5,138.7,140.4,144.1,149.6,156.6,164.5,172.6,179.9,186.5,192.5,198.6,205.2,212.8,221.6,231.3,241.8,252.4,262.2,271.1,278.9,285.4,290.5,294.4,297.0,299.0,300.4,301.6,302.2,302.3,302.4,302.5,303.3,304.5,306.9,310.1,314.0,318.8,324.0,329.6,335.2,340.8,346.2
152,SRB,Serbia,6.7,6.8,6.9,7.1,7.3,7.6,7.8,8.0,8.1,8.4,8.9,9.6,10.6,11.6,12.2,12.6,13.1,13.9,15.4,17.4,19.7,21.8,23.1,24.2,25.9,28.4,31.2,33.9,36.2,37.9,39.1,40.3,,,,,,,,,,,,,,,,,,,,,,,,,,,,,,,,,,
153,SYC,Seychelles,13.6,13.8,14.0,14.2,14.2,14.2,14.2,14.2,14.2,14.2,14.2,14.3,14.3,14.3,14.3,14.3,14.2,14.2,14.2,14.3,14.5,14.7,15.1,15.5,16.0,16.5,17.1,17.8,18.6,19.5,20.5,21.8,23.4,25.3,27.6,30.4,33.6,37.4,41.5,45.8,50.4,54.8,59.2,63.4,67.7,71.9,76.1,80.1,84.0,87.5,90.6,93.4,96.1,98.4,100.5,102.6,104.4,106.2,107.9,109.7,111.4,113.0,114.6,116.1,117.4,118.5
154,SLE,Sierra Leone,120.4,126.4,133.4,141.6,150.6,160.2,169.9,179.1,188.0,196.2,203.7,210.8,217.4,223.9,229.9,235.8,241.1,246.0,250.5,254.4,257.5,259.9,261.5,262.6,263.4,264.3,265.2,266.7,268.2,270.5,272.8,275.2,277.9,280.9,284.0,287.6,291.5,295.7,299.8,304.2,308.7,313.4,318.4,323.6,329.0,334.6,340.5,346.6,353.4,359.8,366.2,372.6,378.7,384.7,390.3,396.0,,,,,,,,,,
155,SGP,Singapore,2.7,2.8,2.8,2.8,2.8,2.8,2.8,2.8,2.9,2.9,2.9,3.0,3.2,3.4,3.7,4.0,4.3,4.6,4.8,5.0,5.2,5.4,5.8,6.3,6.9,7.7,8.4,9.2,9.8,10.4,10.9,11.6,12.3,13.2,14.1,14.8,15.2,15.1,15.2,16.0,17.6,19.7,22.0,24.3,26.1,27.4,28.7,30.3,32.0,33.6,35.0,36.5,38.2,40.5,43.8,47.8,52.3,56.9,61.5,66.5,72.0,78.1,,,,
156,SVK,Slovakia,7.3,7.5,7.7,7.9,8.1,8.4,8.6,8.9,9.2,9.5,9.9,10.2,10.6,10.9,11.3,11.7,12.2,12.7,13.2,13.8,14.4,15.0,15.6,16.3,16.9,17.7,18.4,19.2,20.0,20.9,21.8,22.8,23.8,24.8,25.9,,,,,,,,,,,,,,,,,,,,,,,,,,,,,,,
157,SVN,Slovenia,2.6,2.7,2.8,3.0,3.1,3.3,3.5,3.6,3.8,4.0,4.3,4.5,4.7,5.0,5.2,5.5,5.8,6.2,6.6,7.0,7.4,7.9,8.5,9.1,9.7,10.4,11.1,11.9,12.7,13.5,14.4,15.2,16.1,17.0,18.0,,,,,,,,,,,,,,,,,,,,,,,,,,,,,,,
158,SLB,Solomon Islands,28.1,28.9,29.9,30.7,31.4,32.1,32.6,33.1,33.3,33.4,33.2,33.1,32.9,32.8,32.9,33.1,33.5,33.9,34.3,34.8,35.4,36.2,37.0,37.9,38.9,39.7,40.6,41.4,42.3,43.3,44.5,45.8,47.3,49.0,51.1,53.5,56.4,59.9,63.9,68.4,73.5,79.1,85.2,91.9,99.2,107.2,115.6,124.1,132.8,141.4,149.7,157.9,166.7,175.9,185.6,195.9,,,,,,,,,,
159,SOM,Somalia,136.8,141.2,146.1,150.6,155.3,160.2,164.4,168.5,171.8,173.7,174.3,174.4,174.4,174.4,174.4,174.4,174.4,174.4,174.4,174.4,174.4,174.4,174.5,175.3,177.2,180.2,182.7,184.1,184.9,185.4,186.0,187.1,189.1,,,,,,,,,,,,,,,,,,,,,,,,,,,,,,,,,
160,ZAF,South Africa,40.5,41.4,43.4,47.7,49.8,53.8,63.5,68.4,71.3,73.1,75.2,76.8,78.1,78.1,77.1,75.3,72.8,70.2,67.4,64.6,62.1,60.1,58.9,58.4,58.8,59.9,61.4,63.3,65.5,67.9,70.7,73.8,77.4,81.9,87.1,93.1,99.6,106.4,113.3,120.0,126.6,133.4,,,,,,,,,,,,,,,,,,,,,,,,
161,SSD,South Sudan,92.6,95.6,99.2,102.8,106.7,110.9,115.2,120.0,125.7,132.1,139.3,147.0,155.2,163.8,173.0,182.3,191.4,200.3,208.5,216.1,223.5,230.3,236.6,242.5,248.1,253.2,257.8,262.7,267.3,271.8,276.5,280.4,284.7,288.5,291.3,294.7,298.2,,,,,,,,,,,,,,,,,,,,,,,,,,,,,
162,ESP,Spain,4.1,4.2,4.3,4.4,4.5,4.6,4.8,5.0,5.2,5.5,5.7,5.9,6.1,6.2,6.3,6.5,6.7,7.0,7.3,7.7,8.3,8.9,9.5,10.1,10.5,11.0,11.5,11.9,12.3,12.8,13.4,14.0,14.7,15.4,16.4,17.8,19.5,21.3,22.8,23.6,23.5,23.0,23.1,24.4,26.6,29.2,31.8,34.4,36.7,38.8,40.8,42.9,45.3,48.2,51.6,55.6,59.9,64.3,68.3,71.9,74.9,78.1,83.1,91.0,101.8,115.5
163,LKA,Sri Lanka,9.8,10.0,10.2,10.4,10.6,10.9,11.3,11.8,12.5,13.2,14.0,28.9,15.1,15.4,15.8,16.3,17.0,17.9,18.7,19.5,20.2,20.7,21.1,21.3,21.3,21.2,21.5,22.5,24.2,26.9,30.3,34.2,38.3,42.3,46.2,49.8,53.1,56.1,58.9,61.4,63.6,65.5,67.1,68.5,69.7,71.1,72.6,74.4,76.5,78.9,81.8,84.9,88.4,92.3,96.6,101.1,105.9,110.7,115.4,119.7,123.6,127.0,129.9,132.6,135.3,
164,PSE,State of Palestine,21.1,21.7,22.3,22.8,23.3,23.8,24.2,24.7,25.2,25.8,26.3,26.9,27.5,28.2,28.9,29.8,30.8,31.9,33.1,34.4,35.7,37.2,38.7,40.4,42.3,44.4,46.7,49.4,52.3,55.5,58.9,62.6,66.5,70.7,75.2,80.0,85.2,90.7,96.6,102.8,109.5,,,,,,,,,,,,,,,,,,,,,,,,,
165,SDN,Sudan,70.1,72.2,74.2,76.3,78.2,80.2,82.4,84.7,87.0,89.3,91.9,94.5,97.3,100.2,103.1,105.9,108.8,111.4,113.9,116.1,118.2,120.2,122.1,123.9,125.7,127.5,129.3,131.1,132.8,134.5,136.0,137.5,138.8,139.9,140.9,142.1,143.2,144.3,145.6,147.0,148.3,149.6,150.8,152.1,153.3,154.6,156.0,157.7,159.6,161.7,164.0,166.5,169.3,172.2,175.2,178.4,181.7,185.1,188.5,192.1,195.8,199.4,202.9,,,
166,SUR,Suriname,21.3,21.9,22.6,23.4,24.1,24.9,25.6,26.4,27.4,28.3,29.2,30.1,31.1,32.1,33.3,34.4,35.7,37.0,38.3,39.6,40.9,42.2,43.5,44.9,46.3,47.6,48.9,50.2,51.4,52.7,54.1,55.5,57.0,,,,,,,,,,,,,,,,,,,,,,,,,,,,,,,,,
167,SWZ,Swaziland,60.7,62.6,67.6,72.6,79.1,88.4,104.2,113.8,117.2,122.7,130.2,132.7,133.7,133.1,131.6,128.3,123.3,117.7,111.3,104.3,96.9,89.9,83.7,78.8,75.8,74.7,75.2,77.2,80.3,84.4,89.5,95.1,101.1,107.2,113.1,118.7,124.0,129.1,134.6,140.7,146.8,153.6,160.0,166.1,171.3,175.8,179.7,183.5,187.3,191.2,195.0,198.8,202.4,205.8,209.0,211.7,214.6,217.5,220.0,222.9,225.5,228.3,231.3,233.8,236.7,240.1
168,SWE,Sweden,3.0,3.0,3.0,3.0,3.0,3.1,3.1,3.2,3.3,3.4,3.6,3.7,3.9,4.0,4.1,4.1,4.1,4.2,4.3,4.5,4.8,5.2,5.7,6.1,6.6,6.9,7.2,7.3,7.4,7.5,7.6,7.7,7.8,8.0,8.2,8.5,8.7,9.0,9.4,9.8,10.3,10.9,11.6,12.3,12.9,13.4,13.9,14.4,14.9,15.5,16.3,17.1,17.9,18.6,19.2,19.6,19.9,20.3,20.6,21.1,21.6,22.3,23.2,24.4,25.7,27.1
169,CHE,Switzerland,3.9,4.0,4.2,4.3,4.4,4.5,4.6,4.7,4.8,5.0,5.1,5.2,5.3,5.5,5.6,5.6,5.7,5.8,6.0,6.1,6.4,6.7,7.1,7.5,7.9,8.2,8.4,8.6,8.8,8.9,9.0,9.2,9.4,9.7,10.0,10.4,10.8,11.4,12.1,12.9,13.8,14.8,15.8,16.7,17.6,18.4,19.2,19.9,20.7,21.6,22.6,23.6,24.6,25.4,26.0,26.5,27.1,27.9,29.0,30.3,31.7,33.1,34.5,35.8,37.2,38.5
170,SYR,Syrian Arab Republic,12.9,14.3,15.3,16.0,15.0,15.3,15.9,16.5,17.3,18.0,18.8,19.6,20.5,21.4,22.3,23.4,24.4,25.6,26.8,28.1,29.5,30.9,32.4,33.9,35.5,37.2,38.9,40.7,42.7,44.8,47.0,49.4,52.0,54.7,57.7,60.8,64.2,67.8,71.6,75.6,79.8,84.3,89.1,94.1,99.6,105.2,111.3,117.7,124.4,131.2,138.2,145.6,153.3,161.6,170.4,179.9,190.1,201.0,212.7,225.1,238.6,252.7,267.7,,,
171,TJK,Tajikistan,44.8,46.3,47.8,49.3,50.9,52.6,54.3,56.2,58.6,61.5,65.2,69.5,74.6,80.4,86.6,93.0,99.4,105.6,111.3,116.2,119.8,121.4,119.9,115.7,111.2,108.4,108.1,109.9,113.6,118.3,122.6,126.1,128.5,129.9,130.4,130.5,130.8,131.8,133.5,136.0,139.4,143.4,148.2,152.8,,,,,,,,,,,,,,,,,,,,,,
172,THA,Thailand,12.3,12.6,13.1,13.5,14.0,14.5,15.0,15.6,16.3,17.0,17.8,18.7,19.6,20.5,21.5,22.5,23.5,24.6,25.8,27.0,28.3,29.7,31.3,33.1,35.0,37.0,39.2,41.5,43.7,46.0,48.3,50.7,53.1,55.6,58.2,60.9,63.8,66.8,70.1,73.7,77.4,81.4,85.7,90.2,94.9,99.7,104.5,109.2,113.9,118.6,123.3,128.0,132.8,137.7,142.7,147.9,153.3,158.8,164.3,170.2,176.2,182.5,189.0,195.7,202.7,210.0
173,MKD,The former Yugoslav Republic of Macedonia,5.5,6.0,6.6,7.4,8.6,9.9,11.0,11.8,12.5,13.2,13.7,14.0,14.2,14.5,15.2,16.0,16.9,18.1,19.6,21.8,24.6,27.8,31.1,33.5,35.0,36.6,39.7,43.9,47.3,48.8,49.5,50.8,53.0,55.0,56.5,,,,,,,,,,,,,,,,,,,,,,,,,,,,,,,
174,TLS,Timor-Leste,52.6,54.5,56.5,58.7,61.1,63.8,66.7,70.2,74.1,78.5,83.3,88.4,93.7,99.1,104.6,110.2,116.0,121.9,127.8,134.0,140.4,147.0,153.9,161.0,168.2,175.7,183.8,192.1,201.0,210.0,,,,,,,,,,,,,,,,,,,,,,,,,,,,,,,,,,,,
175,TGO,Togo,78.4,80.8,83.3,85.8,88.3,90.9,93.6,96.4,99.2,102.1,105.1,108.1,111.2,114.4,117.6,120.8,123.9,127.0,129.9,132.7,135.4,137.7,140.0,142.1,144.1,146.2,148.5,150.8,153.3,156.1,159.0,162.3,165.7,169.5,173.4,177.5,181.8,186.3,190.7,195.4,200.2,204.9,209.7,214.7,219.8,224.7,229.8,234.9,239.9,244.9,249.8,254.6,259.4,264.3,269.2,274.2,279.2,284.1,289.2,294.1,299.2,304.1,309.0,314.0,319.1,324.4
176,TON,Tonga,16.7,17.1,17.3,17.5,17.5,17.4,17.2,17.0,16.8,16.7,16.7,16.7,16.8,17.0,17.3,17.6,17.9,18.1,18.4,18.6,18.9,19.3,19.8,20.4,21.1,21.9,22.7,23.4,24.1,24.8,25.4,26.0,26.6,27.4,28.3,29.4,30.7,32.1,33.6,35.3,37.2,39.3,41.5,44.0,46.9,50.2,53.8,57.8,62.2,66.7,71.5,76.5,81.9,,,,,,,,,,,,,
177,TTO,Trinidad and Tobago,20.4,20.9,21.5,22.2,22.9,23.6,24.3,24.9,25.6,26.3,26.9,27.5,28.0,28.3,28.6,28.7,28.7,28.8,28.8,28.9,29.0,29.2,29.4,29.7,30.0,30.5,31.0,31.6,32.3,33.1,34.0,34.9,35.9,37.0,38.3,39.5,40.7,42.0,43.4,44.7,46.0,47.2,48.3,49.5,50.6,51.6,52.8,53.9,55.2,56.6,58.0,59.7,61.6,63.7,66.0,68.5,71.0,73.7,76.5,79.4,82.3,85.2,88.3,,,
178,TUN,Tunisia,14.0,14.6,15.2,15.8,16.5,17.4,18.3,19.4,20.5,21.7,23.0,24.5,26.0,27.8,29.6,31.7,34.0,36.5,39.3,42.1,44.9,47.5,50.1,52.5,54.8,57.0,59.3,61.9,64.7,67.9,71.5,75.6,80.0,84.6,89.9,95.7,102.3,109.6,117.7,126.3,135.1,144.1,153.0,162.1,171.1,180.6,190.3,200.6,211.2,222.3,233.5,244.7,256.3,267.8,,,,,,,,,,,,
179,TUR,Turkey,13.5,14.3,15.4,16.5,17.8,19.1,20.6,22.2,23.9,25.7,27.7,29.7,32.0,34.4,36.9,39.6,42.4,45.4,48.6,51.8,55.2,58.8,62.4,66.3,70.3,74.5,79.0,83.7,88.7,93.9,99.3,104.9,110.7,116.7,122.7,128.7,134.7,140.7,146.7,152.7,158.6,164.5,170.3,175.9,181.5,186.9,192.3,197.8,203.4,209.3,215.4,221.9,228.7,235.5,242.3,249.0,255.4,261.2,266.5,271.6,276.5,281.5,286.5,,,
180,TKM,Turkmenistan,51.4,53.1,54.7,56.5,58.2,60.1,61.9,63.9,66.0,68.0,70.1,72.4,74.7,76.9,79.2,81.6,83.8,85.8,87.5,88.7,89.4,89.6,89.7,89.6,89.7,90.5,91.9,94.0,96.7,100.0,103.6,107.6,111.7,116.0,120.4,124.8,129.4,133.9,138.8,,,,,,,,,,,,,,,,,,,,,,,,,,,
181,TUV,Tuvalu,27.1,28.0,28.9,29.8,30.7,31.7,32.6,33.6,34.6,35.6,36.6,37.6,38.7,39.8,41.1,42.6,44.2,46.0,47.8,49.7,51.4,52.9,54.3,55.4,56.4,57.2,57.8,58.3,58.8,59.3,60.0,61.0,62.3,63.9,65.9,68.1,70.7,73.6,76.9,80.3,83.9,,,,,,,,,,,,,,,,,,,,,,,,,
182,UGA,Uganda,54.6,56.9,60.3,64.1,69.8,75.2,80.1,85.9,92.5,99.7,107.4,115.6,124.2,132.8,141.0,148.4,154.8,159.9,163.9,166.9,169.5,172.2,175.6,179.6,183.7,187.1,189.5,190.9,191.8,193.2,195.8,199.8,205.0,210.4,214.4,215.6,214.6,211.8,207.7,203.2,198.7,194.9,191.9,189.9,189.1,189.5,191.0,193.4,196.5,199.8,203.2,207.0,210.8,214.9,219.1,223.8,228.9,234.0,239.4,245.3,250.8,256.6,,,,
183,UKR,Ukraine,9.0,9.5,10.0,10.6,11.2,11.8,12.3,12.9,13.4,14.0,14.5,15.1,15.9,16.7,17.6,18.5,19.2,19.9,20.3,20.5,20.5,20.2,19.9,19.7,19.5,19.5,19.8,20.3,21.0,21.8,22.7,23.8,24.7,25.7,26.6,27.4,28.0,28.5,29.0,29.4,30.0,30.7,31.6,32.6,33.8,,,,,,,,,,,,,,,,,,,,,
184,ARE,United Arab Emirates,6.8,7.1,7.4,7.8,8.2,8.5,8.8,9.1,9.4,9.6,9.8,10.1,10.3,10.6,10.9,11.1,11.5,11.8,12.2,12.6,13.0,13.6,14.2,14.8,15.6,16.5,17.4,18.5,19.7,21.1,22.7,24.4,26.5,29.0,31.9,35.2,39.0,43.4,48.2,53.5,59.4,65.8,72.8,80.6,89.1,98.4,108.2,118.6,129.4,140.4,151.3,162.2,172.7,183.3,193.8,204.6,,,,,,,,,,
185,GBR,United Kingdom,4.2,4.4,4.6,4.8,5.0,5.2,5.4,5.6,5.8,5.9,6.0,6.1,6.3,6.3,6.4,6.6,6.7,6.8,6.9,7.0,7.2,7.4,7.8,8.2,8.7,9.3,9.9,10.4,10.8,11.1,11.4,11.7,12.2,12.7,13.4,14.1,14.9,15.7,16.5,17.2,18.0,18.7,19.4,20.1,20.6,21.0,21.4,21.8,22.2,22.8,23.4,24.2,24.9,25.6,26.1,26.6,27.0,27.4,28.0,28.7,29.6,30.8,32.1,33.6,35.1,36.6
186,TZA,United Republic of Tanzania,48.7,50.5,53.3,55.7,58.9,63.4,68.6,73.7,79.5,85.8,92.4,99.4,106.9,114.7,122.6,130.6,137.9,144.5,149.9,154.3,157.6,159.9,161.5,162.6,163.9,165.2,167.1,169.4,172.1,174.5,176.3,177.5,178.3,178.7,179.7,181.1,183.4,186.7,190.5,194.5,198.3,201.9,205.5,208.9,212.3,215.5,218.9,222.3,225.9,229.1,232.4,235.2,237.8,240.0,242.0,244.1,246.1,248.1,249.9,251.7,253.5,255.4,257.1,259.1,261.2,
187,USA,United States,6.5,6.7,6.9,7.1,7.2,7.4,7.5,7.7,7.8,7.9,8.0,8.1,8.1,8.2,8.3,8.4,8.6,8.7,8.9,9.2,9.5,9.8,10.1,10.5,10.9,11.2,11.6,11.9,12.2,12.4,12.7,13.0,13.4,13.9,14.4,15.0,15.6,16.3,17.1,17.9,18.8,19.7,20.6,21.5,22.4,23.3,24.1,24.9,25.7,26.4,27.1,27.7,28.3,28.9,29.5,30.1,30.6,31.2,31.7,32.3,33.0,33.8,34.7,35.6,36.6,37.7
188,URY,Uruguay,10.1,10.6,11.1,11.6,12.0,12.3,12.7,13.0,13.3,13.8,14.3,14.8,15.3,15.8,16.2,16.8,17.5,18.3,19.2,20.0,20.6,21.1,21.5,21.8,22.3,23.1,24.0,25.1,26.3,27.5,28.6,29.8,31.2,33.2,36.1,40.0,44.4,48.6,52.2,54.5,55.4,55.2,54.3,53.5,53.5,54.3,55.4,56.3,57.1,57.6,58.0,58.6,59.6,61.0,62.6,64.0,64.8,64.6,63.8,62.3,60.6,58.8,,,,
189,UZB,Uzbekistan,39.1,40.4,41.8,43.2,44.6,46.1,47.6,49.2,50.8,52.5,54.2,56.0,57.8,59.6,61.4,63.2,65.0,66.5,67.7,68.7,69.5,70.2,70.6,71.0,71.1,71.5,72.5,74.5,77.3,80.8,85.3,90.5,96.4,102.9,110.2,118.2,126.7,,,,,,,,,,,,,,,,,,,,,,,,,,,,,
190,VUT,Vanuatu,27.5,28.1,28.4,28.6,28.6,28.5,28.4,28.2,28.2,28.0,27.9,27.9,27.9,27.9,28.2,28.5,28.8,29.1,34.1,29.9,30.4,31.0,31.9,32.9,34.1,35.6,37.3,39.3,41.7,44.6,47.8,51.5,55.6,59.9,64.3,68.7,73.0,77.1,81.1,84.8,88.5,92.1,95.9,99.9,104.2,108.6,113.2,118.1,123.0,128.1,132.9,137.7,142.4,147.0,151.0,155.2,158.9,162.7,165.8,169.0,172.4,175.9,179.4,182.6,,
191,VEN,Venezuela (Bolivarian Republic of),14.9,15.3,15.7,16.1,16.4,16.6,16.8,17.1,17.4,17.9,18.5,19.2,19.8,20.4,21.0,21.7,27.7,23.5,24.5,25.5,26.3,26.8,27.3,27.8,28.6,29.6,30.8,32.1,33.5,34.8,36.1,37.4,38.8,40.3,42.1,43.9,45.8,47.7,49.6,51.4,53.2,55.0,56.8,58.8,60.6,62.6,64.3,66.0,67.5,68.9,70.4,72.0,73.8,75.9,78.3,81.1,84.2,87.7,91.6,95.8,100.2,105.0,110.1,115.5,121.3,
192,VNM,Viet Nam,21.7,22.3,22.9,23.5,24.2,24.8,25.5,26.2,26.9,27.7,28.5,29.4,30.4,31.4,32.5,33.8,35.1,36.5,38.0,39.5,41.2,43.0,44.8,46.8,48.8,50.8,52.8,54.8,56.7,58.5,60.3,62.0,63.6,65.3,66.9,68.7,70.5,72.3,74.1,75.9,77.6,79.3,81.0,82.6,84.2,85.7,87.3,88.8,90.3,91.8,93.3,95.0,,,,,,,,,,,,,,
193,YEM,Yemen,41.9,43.8,46.0,48.4,51.1,54.2,57.6,61.0,64.7,68.5,72.6,76.8,81.3,85.9,90.7,95.4,99.9,103.8,107.2,109.8,112.2,114.4,116.8,119.6,122.8,126.3,130.4,135.2,140.7,147.0,154.4,163.1,173.0,184.1,196.0,208.4,221.2,234.0,246.9,259.5,271.6,283.0,294.2,305.2,317.0,329.3,341.8,354.6,366.5,377.9,388.2,397.7,406.1,,,,,,,,,,,,,
194,ZMB,Zambia,64.0,66.6,70.2,74.4,78.6,82.1,87.4,93.1,98.0,104.5,111.7,120.6,131.2,142.9,154.2,163.1,169.1,172.9,175.7,178.1,181.1,184.5,187.5,189.4,190.3,190.6,190.0,188.0,184.7,180.1,174.7,169.2,164.5,160.9,158.5,156.8,156.0,155.4,155.0,155.4,157.2,160.7,165.4,171.1,176.7,181.6,185.0,187.1,188.2,189.0,190.3,192.3,195.4,199.0,203.0,207.3,211.7,216.2,220.5,224.6,229.3,233.3,238.0,,,
195,ZWE,Zimbabwe,70.7,72.3,74.5,78.5,85.6,89.5,92.9,95.4,98.0,100.0,101.9,103.0,104.0,105.1,105.6,105.8,105.2,103.9,102.0,99.2,95.5,91.2,87.0,82.7,78.8,75.8,73.9,73.5,74.6,77.1,80.6,84.9,89.8,94.7,99.4,103.4,106.4,108.4,109.4,110.0,110.4,110.7,111.1,111.7,112.6,114.0,115.8,118.1,121.1,124.7,128.6,132.8,137.2,141.6,146.1,150.7,155.1,159.5,163.8,168.0,172.6,177.2,181.8,,,
